t,vx,vz,yaw_rate,lat,lon,rel_alt,p_n,p_e,p_d,yaw
0.002,0.0,-0.311,0.0,30.200126,-97.8877306,1.16,0.012,-0.312,-0.993,-2.0784
0.101,0.0,-0.294,0.0,30.2001255,-97.8877305,1.172,-0.037,-0.311,-1.004,-2.086
0.201,0.0,-0.286,0.0,30.2001255,-97.8877305,1.172,-0.062,-0.314,-1.009,-2.0749
0.301,0.0,-0.284,0.0,30.2001255,-97.8877305,1.172,-0.085,-0.318,-1.011,-2.0485
0.401,0.0,-0.285,0.0,30.2001248,-97.8877306,1.179,-0.106,-0.324,-1.01,-2.0311
0.501,0.0,-0.285,0.0,30.2001248,-97.8877306,1.179,-0.106,-0.324,-1.01,-2.0311
0.601,0.0,-0.281,0.0,30.2001248,-97.8877306,1.179,-0.123,-0.331,-1.013,-1.9877
0.701,0.0,-0.264,0.0,30.2001248,-97.8877306,1.179,-0.144,-0.348,-1.024,-1.9379
0.801,0.0,-0.246,0.0,30.2001244,-97.8877309,1.197,-0.145,-0.357,-1.036,-1.8839
0.901,0.0,-0.246,0.0,30.2001244,-97.8877309,1.197,-0.145,-0.357,-1.036,-1.8543
1.001,0.0,-0.246,0.0,30.2001244,-97.8877309,1.197,-0.145,-0.357,-1.036,-1.8543
1.101,0.0,-0.149,0.0,30.2001247,-97.8877312,1.262,-0.106,-0.382,-1.1,-1.7343
1.201,0.0,-0.149,0.0,30.2001247,-97.8877312,1.262,-0.106,-0.382,-1.1,-1.7343
1.301,0.0,-0.06,0.0,30.2001247,-97.8877312,1.262,-0.066,-0.415,-1.16,-1.6508
1.401,0.0,-0.06,0.0,30.2001247,-97.8877312,1.262,-0.066,-0.415,-1.16,-1.6508
1.501,0.0,0.027,0.0,30.2001252,-97.8877318,1.363,-0.032,-0.456,-1.218,-1.594
1.601,0.0,0.027,0.0,30.2001252,-97.8877318,1.363,-0.032,-0.456,-1.218,-1.594
1.701,0.0,0.027,0.0,30.2001252,-97.8877318,1.363,-0.032,-0.456,-1.218,-1.5812
1.802,0.0,0.127,-0.5,30.2001257,-97.8877326,1.442,0.008,-0.529,-1.284,-1.553
1.901,0.0,0.151,0.0,30.2001257,-97.8877326,1.442,0.019,-0.551,-1.301,-1.5373
2.001,0.0,0.151,0.0,30.2001257,-97.8877326,1.442,0.019,-0.551,-1.301,-1.5373
2.101,0.0,0.17,0.0,30.2001257,-97.8877326,1.442,0.031,-0.572,-1.313,-1.5246
2.201,0.0,0.179,0.0,30.200126,-97.8877333,1.488,0.044,-0.592,-1.319,-1.5179
2.301,0.0,0.18,0.0,30.200126,-97.8877333,1.488,0.059,-0.61,-1.32,-1.5195
2.401,0.0,0.18,0.0,30.200126,-97.8877333,1.488,0.059,-0.61,-1.32,-1.5195
2.501,0.0,0.132,0.0,30.2001265,-97.8877338,1.474,0.104,-0.639,-1.288,-1.5541
2.601,0.0,0.104,0.0,30.2001265,-97.8877338,1.474,0.116,-0.641,-1.269,-1.5689
2.7,0.0,0.104,0.0,30.2001265,-97.8877338,1.474,0.116,-0.641,-1.269,-1.5689
2.801,0.0,0.072,0.0,30.2001268,-97.8877339,1.41,0.127,-0.638,-1.248,-1.6229
2.901,0.0,0.039,-0.5,30.2001268,-97.8877339,1.41,0.133,-0.633,-1.226,-1.6437
3.001,0.0,0.008,0.0,30.2001268,-97.8877339,1.41,0.135,-0.624,-1.205,-1.6873
3.101,0.0,0.008,0.0,30.2001268,-97.8877339,1.41,0.135,-0.624,-1.205,-1.6873
3.202,0.0,-0.075,0.0,30.2001268,-97.8877336,1.342,0.113,-0.581,-1.15,-1.7652
3.301,0.0,-0.096,0.0,30.2001268,-97.8877336,1.342,0.096,-0.564,-1.136,-1.7818
3.401,0.0,-0.113,0.0,30.2001264,-97.887733,1.294,0.076,-0.549,-1.124,-1.8159
3.501,0.0,-0.113,0.0,30.2001264,-97.887733,1.294,0.076,-0.549,-1.124,-1.8159
3.601,0.0,-0.129,0.0,30.2001264,-97.887733,1.294,0.028,-0.521,-1.114,-1.8485
3.7,0.0,-0.129,0.0,30.2001264,-97.887733,1.294,0.028,-0.521,-1.114,-1.8485
3.801,0.0,-0.129,0.0,30.2001264,-97.887733,1.294,0.028,-0.521,-1.114,-1.8485
3.902,0.0,-0.094,-0.5,30.2001257,-97.8877326,1.288,-0.048,-0.487,-1.137,-1.9203
4.001,0.0,-0.069,0.0,30.2001257,-97.8877326,1.288,-0.073,-0.476,-1.154,-1.949
4.101,0.0,-0.04,0.0,30.2001249,-97.8877322,1.336,-0.1,-0.464,-1.173,-1.9632
4.201,0.0,-0.04,0.0,30.2001249,-97.8877322,1.336,-0.1,-0.464,-1.173,-1.9632
4.301,0.0,-0.005,0.0,30.2001249,-97.8877322,1.336,-0.129,-0.452,-1.197,-2.0156
4.401,0.0,0.035,0.0,30.2001249,-97.8877322,1.336,-0.159,-0.441,-1.223,-2.0363
4.501,0.0,0.125,0.0,30.200124,-97.8877318,1.424,-0.223,-0.425,-1.283,-2.0791
4.601,0.0,0.125,0.0,30.200124,-97.8877318,1.424,-0.223,-0.425,-1.283,-2.0998
4.701,0.0,0.164,0.0,30.200124,-97.8877318,1.424,-0.257,-0.417,-1.309,-2.0998
4.801,0.0,0.218,0.0,30.2001231,-97.8877316,1.506,-0.319,-0.399,-1.345,-2.1778
4.901,0.0,0.23,0.0,30.2001231,-97.8877316,1.506,-0.35,-0.388,-1.353,-2.2103
5.001,0.5,0.232,0.0,30.2001231,-97.8877316,1.506,-0.38,-0.376,-1.355,-2.2239
5.101,0.5,0.232,0.0,30.2001231,-97.8877316,1.506,-0.38,-0.376,-1.355,-2.2239
5.201,0.0,0.206,0.0,30.2001221,-97.8877312,1.521,-0.443,-0.348,-1.337,-2.2606
5.301,0.0,0.206,0.0,30.2001221,-97.8877312,1.521,-0.443,-0.348,-1.337,-2.2606
5.401,0.0,0.206,0.0,30.2001221,-97.8877312,1.521,-0.443,-0.348,-1.337,-2.2718
5.501,0.0,0.103,0.0,30.2001212,-97.8877306,1.465,-0.532,-0.3,-1.269,-2.3033
5.601,0.0,0.059,0.0,30.2001212,-97.8877306,1.465,-0.559,-0.285,-1.239,-2.3117
5.701,0.0,0.006,0.0,30.2001204,-97.8877302,1.362,-0.587,-0.276,-1.204,-2.3243
5.801,0.0,0.006,0.0,30.2001204,-97.8877302,1.362,-0.587,-0.276,-1.204,-2.3243
5.901,0.0,-0.107,0.0,30.2001204,-97.8877302,1.362,-0.627,-0.267,-1.129,-2.3185
6.001,0.0,-0.107,0.0,30.2001204,-97.8877302,1.362,-0.627,-0.267,-1.129,-2.3185
6.331,0.0,-0.258,0.0,30.20012,-97.88773,1.241,-0.604,-0.214,-1.028,-2.283
6.332,0.0,-0.258,0.0,30.20012,-97.88773,1.241,-0.604,-0.214,-1.028,-2.283
6.333,0.0,-0.258,0.0,30.20012,-97.88773,1.241,-0.604,-0.214,-1.028,-2.283
6.401,0.0,-0.258,0.0,30.20012,-97.88773,1.241,-0.604,-0.214,-1.028,-2.283
6.501,0.0,-0.265,0.0,30.2001204,-97.8877294,1.193,-0.584,-0.195,-1.023,-2.2566
6.601,0.0,-0.26,0.0,30.2001204,-97.8877294,1.193,-0.564,-0.176,-1.027,-2.2277
6.701,0.0,-0.242,0.0,30.2001204,-97.8877294,1.193,-0.543,-0.162,-1.039,-2.2065
6.801,0.0,-0.178,0.0,30.200121,-97.887729,1.235,-0.507,-0.162,-1.081,-2.1936
6.901,0.0,-0.14,0.0,30.200121,-97.887729,1.235,-0.488,-0.177,-1.107,-2.1904
7.001,0.0,-0.093,0.0,30.200121,-97.887729,1.235,-0.468,-0.2,-1.138,-2.188
7.101,0.0,-0.093,0.0,30.200121,-97.887729,1.235,-0.468,-0.2,-1.138,-2.188
7.201,0.0,-0.043,0.0,30.2001216,-97.8877295,1.329,-0.445,-0.222,-1.171,-2.1895
7.301,0.5,0.053,0.0,30.2001216,-97.8877295,1.329,-0.405,-0.264,-1.235,-2.1907
7.401,0.0,0.053,0.0,30.2001216,-97.8877295,1.329,-0.405,-0.264,-1.235,-2.1916
7.501,0.0,0.125,0.0,30.2001221,-97.8877302,1.431,-0.376,-0.298,-1.283,-2.1953
7.601,0.0,0.125,0.0,30.2001221,-97.8877302,1.431,-0.376,-0.298,-1.283,-2.1973
7.701,0.0,0.125,0.0,30.2001221,-97.8877302,1.431,-0.376,-0.298,-1.283,-2.2005
7.801,0.0,0.176,0.0,30.2001225,-97.8877307,1.483,-0.334,-0.344,-1.318,-2.2156
7.901,0.0,0.176,0.0,30.2001225,-97.8877307,1.483,-0.334,-0.344,-1.318,-2.2208
8.001,0.5,0.179,0.0,30.2001225,-97.8877307,1.483,-0.315,-0.365,-1.32,-2.2261
8.101,0.0,0.175,0.0,30.2001231,-97.8877315,1.479,-0.294,-0.389,-1.317,-2.2377
8.201,0.0,0.175,0.0,30.2001231,-97.8877315,1.479,-0.294,-0.389,-1.317,-2.2377
8.301,0.0,0.175,0.0,30.2001231,-97.8877315,1.479,-0.294,-0.389,-1.317,-2.2377
8.402,0.5,0.058,0.0,30.2001239,-97.8877321,1.409,-0.197,-0.468,-1.239,-2.2817
8.501,0.5,0.009,0.0,30.2001239,-97.8877321,1.409,-0.175,-0.477,-1.206,-2.2901
8.601,0.0,0.009,0.0,30.2001239,-97.8877321,1.409,-0.175,-0.477,-1.206,-2.2901
8.701,0.0,-0.084,0.0,30.2001243,-97.8877325,1.306,-0.149,-0.497,-1.144,-2.2985
8.801,0.0,-0.084,0.0,30.2001243,-97.8877325,1.306,-0.149,-0.497,-1.144,-2.2985
8.901,0.0,-0.122,0.0,30.2001243,-97.8877325,1.306,-0.148,-0.513,-1.119,-2.3052
9.001,0.5,-0.168,0.0,30.2001243,-97.8877325,1.306,-0.156,-0.539,-1.088,-2.3114
9.101,0.5,-0.234,0.0,30.2001242,-97.8877333,1.218,-0.171,-0.584,-1.044,-2.3134
9.201,0.5,-0.256,0.0,30.2001242,-97.8877333,1.218,-0.171,-0.594,-1.029,-2.3097
9.301,0.5,-0.256,0.0,30.2001242,-97.8877333,1.218,-0.171,-0.594,-1.029,-2.3097
9.401,0.0,-0.288,0.0,30.2001242,-97.8877335,1.179,-0.168,-0.599,-1.008,-2.277
9.501,0.0,-0.288,0.0,30.2001242,-97.8877335,1.179,-0.168,-0.599,-1.008,-2.277
9.601,0.0,-0.288,0.0,30.2001242,-97.8877335,1.179,-0.168,-0.599,-1.008,-2.277
9.702,0.0,-0.231,0.0,30.2001242,-97.8877335,1.179,-0.202,-0.599,-1.046,-2.2329
9.801,0.0,-0.231,0.0,30.2001242,-97.8877335,1.179,-0.202,-0.599,-1.046,-2.2329
9.901,0.0,-0.135,0.0,30.2001239,-97.8877335,1.223,-0.282,-0.656,-1.11,-2.2047
10.001,0.0,-0.077,0.0,30.2001239,-97.8877335,1.223,-0.329,-0.705,-1.149,-2.1947
10.101,0.0,-0.077,0.0,30.2001239,-97.8877335,1.223,-0.329,-0.705,-1.149,-2.1947
10.201,0.5,-0.026,0.0,30.2001226,-97.8877349,1.34,-0.366,-0.754,-1.183,-2.1763
10.301,0.5,-0.026,0.0,30.2001226,-97.8877349,1.34,-0.366,-0.754,-1.183,-2.1694
10.401,0.5,0.14,0.0,30.200122,-97.8877363,1.461,-0.416,-0.872,-1.293,-2.1628
10.501,0.5,0.191,0.0,30.200122,-97.8877363,1.461,-0.415,-0.892,-1.327,-2.1661
10.601,0.5,0.191,0.0,30.200122,-97.8877363,1.461,-0.415,-0.892,-1.327,-2.169
10.701,0.0,0.234,0.0,30.200122,-97.8877363,1.461,-0.412,-0.904,-1.356,-2.169
10.802,0.0,0.298,0.0,30.200122,-97.8877367,1.556,-0.416,-0.919,-1.398,-2.1795
10.901,0.0,0.318,0.0,30.200122,-97.8877367,1.556,-0.43,-0.93,-1.412,-2.1817
11.0,0.0,0.318,0.0,30.200122,-97.8877367,1.556,-0.43,-0.93,-1.412,-2.1817
11.101,0.5,0.327,0.0,30.2001215,-97.8877372,1.586,-0.451,-0.947,-1.418,-2.1875
11.431,0.5,0.213,0.0,30.2001205,-97.8877383,1.513,-0.584,-1.063,-1.342,-2.2043
11.432,0.5,0.213,0.0,30.2001205,-97.8877383,1.513,-0.584,-1.063,-1.342,-2.2043
11.432,0.5,0.213,0.0,30.2001205,-97.8877383,1.513,-0.584,-1.063,-1.342,-2.2043
11.501,0.5,0.137,0.0,30.2001205,-97.8877383,1.513,-0.61,-1.086,-1.291,-2.2138
11.601,0.0,0.137,0.0,30.2001205,-97.8877383,1.513,-0.61,-1.086,-1.291,-2.2138
11.702,0.0,-0.021,0.0,30.20012,-97.8877387,1.342,-0.643,-1.105,-1.186,-2.2291
11.801,0.5,-0.021,0.0,30.20012,-97.8877387,1.342,-0.643,-1.105,-1.186,-2.2291
11.901,0.0,-0.157,0.0,30.20012,-97.8877387,1.342,-0.664,-1.106,-1.096,-2.2518
12.001,0.5,-0.157,0.0,30.20012,-97.8877387,1.342,-0.664,-1.106,-1.096,-2.2518
12.101,0.0,-0.215,0.0,30.20012,-97.8877387,1.342,-0.678,-1.107,-1.057,-2.26
12.201,0.0,-0.29,0.0,30.2001195,-97.8877388,1.208,-0.726,-1.11,-1.007,-2.2778
12.301,0.0,-0.29,0.0,30.2001195,-97.8877388,1.208,-0.726,-1.11,-1.007,-2.2778
12.402,0.5,-0.333,0.0,30.2001188,-97.8877388,1.148,-0.772,-1.1,-0.978,-2.3085
12.501,0.5,-0.333,0.0,30.2001188,-97.8877388,1.148,-0.772,-1.1,-0.978,-2.3085
12.601,0.5,-0.333,0.0,30.2001188,-97.8877388,1.148,-0.784,-1.087,-0.978,-2.3236
12.701,0.5,-0.316,0.0,30.2001188,-97.8877388,1.148,-0.787,-1.069,-0.99,-2.3383
12.801,0.5,-0.227,0.0,30.2001187,-97.8877381,1.191,-0.779,-1.021,-1.048,-2.3501
12.901,0.5,-0.164,0.0,30.2001187,-97.8877381,1.191,-0.776,-1.0,-1.09,-2.3543
13.001,0.5,-0.098,0.0,30.2001187,-97.8877381,1.191,-0.78,-0.986,-1.134,-2.3586
13.101,0.5,-0.098,0.0,30.2001187,-97.8877381,1.191,-0.78,-0.986,-1.134,-2.3586
13.201,0.5,-0.029,0.0,30.2001186,-97.8877376,1.331,-0.805,-0.988,-1.181,-2.3604
13.301,0.5,0.042,0.0,30.2001186,-97.8877376,1.331,-0.842,-1.001,-1.228,-2.3591
13.401,0.5,0.109,0.0,30.2001186,-97.8877376,1.331,-0.887,-1.026,-1.273,-2.3567
13.501,0.5,0.214,0.0,30.2001174,-97.8877382,1.479,-0.981,-1.094,-1.343,-2.3469
13.601,0.5,0.214,0.0,30.2001174,-97.8877382,1.479,-0.981,-1.094,-1.343,-2.341
13.701,0.0,0.214,0.0,30.2001174,-97.8877382,1.479,-0.981,-1.094,-1.343,-2.3351
13.801,0.0,0.28,0.0,30.2001174,-97.8877382,1.479,-1.061,-1.168,-1.387,-2.3295
13.901,0.5,0.304,0.0,30.2001161,-97.8877395,1.561,-1.095,-1.204,-1.402,-2.3144
14.001,0.5,0.318,0.0,30.2001161,-97.8877395,1.561,-1.122,-1.236,-1.412,-2.3088
14.101,0.5,0.32,0.0,30.2001154,-97.8877406,1.582,-1.144,-1.264,-1.414,-2.2946
14.201,0.5,0.314,0.0,30.2001154,-97.8877406,1.582,-1.164,-1.291,-1.409,-2.2946
14.301,0.5,0.263,0.0,30.2001154,-97.8877406,1.582,-1.194,-1.337,-1.376,-2.2707
14.401,0.5,0.217,0.0,30.2001149,-97.8877413,1.518,-1.204,-1.354,-1.345,-2.2613
14.501,0.5,0.162,0.0,30.2001149,-97.8877413,1.518,-1.215,-1.371,-1.308,-2.2599
14.601,0.0,0.101,0.0,30.2001149,-97.8877413,1.518,-1.225,-1.389,-1.268,-2.2604
14.701,0.5,0.101,0.0,30.2001149,-97.8877413,1.518,-1.225,-1.389,-1.268,-2.2604
14.801,0.0,0.038,0.0,30.2001146,-97.8877419,1.384,-1.237,-1.408,-1.225,-2.2615
14.901,0.0,-0.096,0.0,30.2001146,-97.8877419,1.384,-1.27,-1.455,-1.136,-2.2638
15.001,0.5,-0.096,0.0,30.2001146,-97.8877419,1.384,-1.27,-1.455,-1.136,-2.2657
15.101,0.0,-0.161,0.0,30.2001146,-97.8877419,1.384,-1.29,-1.482,-1.093,-2.2685
15.202,0.0,-0.257,0.0,30.200114,-97.8877428,1.241,-1.337,-1.537,-1.029,-2.2839
15.301,0.0,-0.292,0.0,30.200114,-97.8877428,1.241,-1.358,-1.562,-1.005,-2.2938
15.401,0.0,-0.317,0.0,30.2001134,-97.8877437,1.159,-1.375,-1.585,-0.989,-2.3019
15.501,0.0,-0.334,0.0,30.2001134,-97.8877437,1.159,-1.384,-1.604,-0.978,-2.3019
15.601,0.0,-0.334,0.0,30.2001134,-97.8877437,1.159,-1.384,-1.604,-0.978,-2.305
15.701,0.0,-0.32,0.0,30.2001134,-97.8877437,1.159,-1.388,-1.631,-0.987,-2.3076
15.801,0.0,-0.291,0.0,30.2001133,-97.8877442,1.159,-1.385,-1.642,-1.006,-2.3043
15.901,0.0,-0.251,0.0,30.2001133,-97.8877442,1.159,-1.382,-1.654,-1.032,-2.2942
16.001,0.0,-0.251,0.0,30.2001133,-97.8877442,1.159,-1.382,-1.654,-1.032,-2.2942
16.101,0.0,-0.2,0.0,30.2001134,-97.8877447,1.258,-1.376,-1.669,-1.067,-2.2816
16.201,0.0,-0.138,0.0,30.2001134,-97.8877447,1.258,-1.376,-1.688,-1.108,-2.2769
16.301,0.0,-0.009,0.0,30.2001134,-97.8877447,1.258,-1.376,-1.74,-1.194,-2.2705
16.401,0.0,-0.009,0.0,30.2001134,-97.8877447,1.258,-1.376,-1.74,-1.194,-2.2692
16.501,0.0,0.115,0.0,30.2001134,-97.8877456,1.401,-1.386,-1.807,-1.277,-2.2734
16.601,0.0,0.115,0.0,30.2001134,-97.8877456,1.401,-1.386,-1.807,-1.277,-2.2783
16.701,0.0,0.173,0.0,30.2001134,-97.8877456,1.401,-1.397,-1.841,-1.315,-2.2783
16.801,0.0,0.226,0.0,30.2001134,-97.8877456,1.401,-1.408,-1.871,-1.35,-2.2833
16.901,0.0,0.297,0.0,30.2001131,-97.8877468,1.527,-1.434,-1.919,-1.398,-2.3029
17.001,0.0,0.297,0.0,30.2001131,-97.8877468,1.527,-1.434,-1.919,-1.398,-2.3029
17.101,0.5,0.315,0.0,30.2001127,-97.8877475,1.582,-1.446,-1.937,-1.41,-2.3147
17.201,0.5,0.308,0.0,30.2001127,-97.8877475,1.582,-1.471,-1.96,-1.405,-2.3288
17.301,0.0,0.308,0.0,30.2001127,-97.8877475,1.582,-1.471,-1.96,-1.405,-2.3373
17.401,0.5,0.259,0.0,30.2001123,-97.8877478,1.545,-1.494,-1.977,-1.372,-2.3643
17.501,0.5,0.219,0.0,30.2001123,-97.8877478,1.545,-1.505,-1.982,-1.346,-2.3725
17.601,0.5,0.219,0.0,30.2001123,-97.8877478,1.545,-1.505,-1.982,-1.346,-2.3789
17.701,0.0,0.167,0.0,30.2001123,-97.8877478,1.545,-1.518,-1.986,-1.311,-2.3842
17.801,0.0,0.11,0.0,30.2001119,-97.8877479,1.435,-1.534,-1.989,-1.274,-2.3934
17.901,0.0,-0.004,0.0,30.2001119,-97.8877479,1.435,-1.577,-2.004,-1.197,-2.3994
18.001,0.0,-0.004,0.0,30.2001119,-97.8877479,1.435,-1.577,-2.004,-1.197,-2.4008
18.101,0.0,-0.058,0.0,30.2001119,-97.8877479,1.435,-1.605,-2.018,-1.162,-2.4013
18.201,0.0,-0.155,0.0,30.2001112,-97.8877483,1.312,-1.66,-2.055,-1.096,-2.4001
18.301,0.5,-0.155,0.0,30.2001112,-97.8877483,1.312,-1.66,-2.055,-1.096,-2.3984
18.401,0.5,-0.229,0.0,30.2001105,-97.887749,1.219,-1.703,-2.089,-1.047,-2.3921
18.501,0.0,-0.229,0.0,30.2001105,-97.887749,1.219,-1.703,-2.089,-1.047,-2.3921
18.601,0.5,-0.26,0.0,30.2001105,-97.887749,1.219,-1.712,-2.098,-1.027,-2.3861
18.701,0.5,-0.283,0.0,30.2001105,-97.887749,1.219,-1.713,-2.095,-1.011,-2.3755
18.801,0.0,-0.27,0.0,30.2001104,-97.887749,1.182,-1.713,-2.09,-1.02,-2.3617
18.901,0.0,-0.239,0.0,30.2001104,-97.887749,1.182,-1.722,-2.092,-1.041,-2.3552
19.001,0.0,-0.196,0.0,30.2001104,-97.887749,1.182,-1.74,-2.104,-1.07,-2.3418
19.101,0.0,-0.196,0.0,30.2001104,-97.887749,1.182,-1.74,-2.104,-1.07,-2.3418
19.201,0.5,-0.142,0.0,30.20011,-97.8877492,1.257,-1.772,-2.129,-1.105,-2.3261
19.301,0.0,-0.019,0.0,30.20011,-97.8877492,1.257,-1.854,-2.199,-1.187,-2.3092
19.401,0.0,-0.019,0.0,30.20011,-97.8877492,1.257,-1.854,-2.199,-1.187,-2.3002
19.501,0.0,0.095,0.0,30.2001088,-97.8877504,1.391,-1.931,-2.254,-1.263,-2.2758
19.601,0.0,0.095,0.0,30.2001088,-97.8877504,1.391,-1.931,-2.254,-1.263,-2.2606
19.701,0.0,0.143,0.0,30.2001088,-97.8877504,1.391,-1.959,-2.266,-1.296,-2.2606
19.802,0.0,0.23,0.0,30.2001079,-97.8877508,1.502,-2.002,-2.264,-1.353,-2.1972
19.901,0.0,0.23,0.0,30.2001079,-97.8877508,1.502,-2.002,-2.264,-1.353,-2.1972
20.001,0.0,0.23,0.0,30.2001079,-97.8877508,1.502,-2.002,-2.264,-1.353,-2.1972
20.101,0.0,0.23,0.0,30.2001076,-97.8877506,1.58,-2.002,-2.264,-1.353,-2.1464
20.201,0.0,0.23,0.0,30.2001076,-97.8877506,1.58,-2.002,-2.264,-1.353,-2.1464
20.301,0.5,0.23,0.0,30.2001076,-97.8877506,1.58,-2.002,-2.264,-1.353,-2.1464
20.402,0.5,0.303,0.0,30.2001074,-97.8877509,1.574,-2.046,-2.275,-1.402,-2.1118
20.501,0.5,0.266,0.0,30.2001074,-97.8877509,1.574,-2.052,-2.286,-1.378,-2.1086
20.601,0.5,0.266,0.0,30.2001074,-97.8877509,1.574,-2.052,-2.286,-1.378,-2.1062
20.701,0.5,0.219,0.0,30.2001074,-97.8877509,1.574,-2.055,-2.296,-1.346,-2.0993
20.801,0.5,0.165,0.0,30.2001073,-97.8877512,1.472,-2.054,-2.303,-1.31,-2.0939
20.901,0.5,0.041,0.0,30.2001073,-97.8877512,1.472,-2.046,-2.316,-1.227,-2.08
21.001,0.0,0.041,0.0,30.2001073,-97.8877512,1.472,-2.046,-2.316,-1.227,-2.0724
21.101,0.0,-0.025,0.0,30.2001073,-97.8877512,1.472,-2.04,-2.328,-1.184,-2.0647
21.201,0.5,-0.153,0.0,30.2001073,-97.8877515,1.331,-2.047,-2.362,-1.098,-2.0484
21.301,0.0,-0.153,0.0,30.2001073,-97.8877515,1.331,-2.047,-2.362,-1.098,-2.0484
21.631,0.0,-0.314,0.0,30.2001073,-97.8877523,1.197,-2.044,-2.437,-0.99,-2.0455
21.632,0.0,-0.314,0.0,30.2001073,-97.8877523,1.197,-2.044,-2.437,-0.99,-2.0455
21.633,0.0,-0.314,0.0,30.2001073,-97.8877523,1.197,-2.044,-2.437,-0.99,-2.0455
21.701,0.0,-0.363,0.0,30.2001073,-97.8877523,1.197,-2.029,-2.48,-0.958,-2.0508
21.801,0.0,-0.357,0.0,30.2001074,-97.8877531,1.127,-2.024,-2.496,-0.962,-2.06
21.901,0.0,-0.336,0.0,30.2001074,-97.8877531,1.127,-2.019,-2.507,-0.976,-2.0659
22.001,0.0,-0.336,0.0,30.2001074,-97.8877531,1.127,-2.019,-2.507,-0.976,-2.0723
22.101,0.5,-0.264,0.0,30.2001075,-97.8877534,1.18,-2.015,-2.516,-1.024,-2.0886
22.201,0.0,-0.264,0.0,30.2001075,-97.8877534,1.18,-2.015,-2.516,-1.024,-2.1082
22.301,0.5,-0.152,0.0,30.2001075,-97.8877534,1.18,-2.017,-2.517,-1.098,-2.1192
22.401,0.0,-0.152,0.0,30.2001075,-97.8877534,1.18,-2.017,-2.517,-1.098,-2.1315
22.501,0.5,-0.008,0.0,30.2001075,-97.8877534,1.306,-2.028,-2.528,-1.194,-2.1741
22.601,0.0,-0.008,0.0,30.2001075,-97.8877534,1.306,-2.028,-2.528,-1.194,-2.1895
22.701,0.0,0.07,0.0,30.2001075,-97.8877534,1.306,-2.036,-2.538,-1.247,-2.1895
22.801,0.0,0.23,0.0,30.2001074,-97.8877538,1.479,-2.053,-2.576,-1.354,-2.2493
22.901,0.5,0.23,0.0,30.2001074,-97.8877538,1.479,-2.053,-2.576,-1.354,-2.2493
23.001,0.5,0.302,0.0,30.2001074,-97.8877538,1.479,-2.063,-2.595,-1.401,-2.278
23.101,0.5,0.361,0.0,30.2001071,-97.8877546,1.626,-2.075,-2.615,-1.44,-2.292
23.201,0.0,0.4,0.0,30.2001071,-97.8877546,1.626,-2.088,-2.641,-1.47,-2.3057
23.301,0.5,0.4,0.0,30.2001071,-97.8877546,1.626,-2.111,-2.682,-1.487,-2.343
23.401,0.5,0.4,0.0,30.2001071,-97.8877546,1.626,-2.111,-2.682,-1.487,-2.343
23.501,0.5,0.377,0.0,30.2001067,-97.8877552,1.648,-2.13,-2.702,-1.451,-2.3684
23.601,0.5,0.326,0.0,30.2001067,-97.8877552,1.648,-2.143,-2.712,-1.417,-2.3751
23.701,0.0,0.326,0.0,30.2001067,-97.8877552,1.648,-2.143,-2.712,-1.417,-2.3751
23.802,0.5,0.186,0.0,30.2001063,-97.8877556,1.536,-2.188,-2.742,-1.324,-2.3846
23.901,0.0,0.186,0.0,30.2001063,-97.8877556,1.536,-2.188,-2.742,-1.324,-2.3837
24.001,0.5,0.105,0.0,30.2001063,-97.8877556,1.536,-2.217,-2.766,-1.27,-2.3752
24.101,0.0,0.02,0.0,30.2001054,-97.8877564,1.355,-2.248,-2.793,-1.214,-2.3592
24.201,0.0,0.02,0.0,30.2001054,-97.8877564,1.355,-2.248,-2.793,-1.214,-2.3592
24.301,0.0,-0.242,0.0,30.2001054,-97.8877564,1.355,-2.32,-2.871,-1.039,-2.325
24.401,0.0,-0.242,0.0,30.2001054,-97.8877564,1.355,-2.32,-2.871,-1.039,-2.325
24.501,0.0,-0.333,0.0,30.2001048,-97.8877573,1.16,-2.334,-2.894,-0.978,-2.303
24.601,0.0,-0.4,0.0,30.2001048,-97.8877573,1.16,-2.342,-2.92,-0.887,-2.2847
24.701,0.0,-0.4,0.0,30.2001048,-97.8877573,1.16,-2.342,-2.92,-0.887,-2.2684
24.801,0.0,-0.4,0.0,30.2001047,-97.8877577,1.03,-2.343,-2.934,-0.85,-2.2621
24.901,0.0,-0.4,0.0,30.2001047,-97.8877577,1.03,-2.349,-2.939,-0.848,-2.2541
25.001,0.0,-0.4,0.0,30.2001045,-97.8877579,1.036,-2.359,-2.945,-0.857,-2.2539
25.101,0.0,-0.4,0.0,30.2001045,-97.8877579,1.036,-2.359,-2.945,-0.857,-2.2539
25.201,0.0,-0.4,0.0,30.2001045,-97.8877579,1.036,-2.374,-2.952,-0.879,-2.2599
25.301,0.0,-0.4,0.0,30.2001045,-97.8877579,1.036,-2.391,-2.959,-0.91,-2.2696
25.401,0.0,-0.374,0.0,30.200104,-97.8877581,1.156,-2.407,-2.964,-0.951,-2.2742
25.501,0.0,-0.306,0.0,30.200104,-97.8877581,1.156,-2.422,-2.967,-0.996,-2.2809
25.601,0.0,-0.134,0.0,30.200104,-97.8877581,1.156,-2.45,-2.957,-1.11,-2.2812
25.701,0.0,-0.134,0.0,30.200104,-97.8877581,1.156,-2.45,-2.957,-1.11,-2.2812
25.802,0.0,0.052,0.0,30.2001036,-97.8877579,1.349,-2.471,-2.94,-1.235,-2.2704
25.901,0.0,0.052,0.0,30.2001036,-97.8877579,1.349,-2.471,-2.94,-1.235,-2.2704
26.0,0.0,0.052,0.0,30.2001036,-97.8877579,1.349,-2.471,-2.94,-1.235,-2.2704
26.101,0.0,0.235,0.0,30.2001032,-97.8877578,1.549,-2.499,-2.933,-1.357,-2.2486
26.201,0.0,0.371,0.0,30.2001032,-97.8877578,1.549,-2.533,-2.94,-1.447,-2.2443
26.301,0.0,0.371,0.0,30.2001032,-97.8877578,1.549,-2.533,-2.94,-1.447,-2.2443
26.401,0.0,0.371,0.0,30.2001032,-97.8877578,1.549,-2.533,-2.94,-1.447,-2.2457
26.731,0.0,0.4,0.0,30.2001028,-97.887758,1.671,-2.573,-2.99,-1.526,-2.2672
26.732,0.0,0.4,0.0,30.2001028,-97.887758,1.671,-2.573,-2.99,-1.526,-2.2672
26.733,0.0,0.4,0.0,30.2001028,-97.887758,1.671,-2.573,-2.99,-1.526,-2.2672
26.801,0.0,0.4,0.5,30.2001026,-97.8877584,1.69,-2.572,-2.999,-1.521,-2.286
26.901,0.0,0.4,0.5,30.2001026,-97.8877584,1.69,-2.561,-3.008,-1.477,-2.3083
27.001,0.0,0.4,0.0,30.2001026,-97.8877584,1.69,-2.561,-3.008,-1.477,-2.3208
27.101,0.0,0.358,0.0,30.2001028,-97.8877585,1.588,-2.552,-3.008,-1.439,-2.3463
27.201,0.0,0.286,0.0,30.2001028,-97.8877585,1.588,-2.545,-3.007,-1.391,-2.3463
27.301,0.0,0.118,0.0,30.2001028,-97.8877585,1.588,-2.533,-3.004,-1.279,-2.385
27.401,0.0,0.118,0.0,30.2001028,-97.8877585,1.588,-2.533,-3.004,-1.279,-2.385
27.501,0.0,0.03,0.0,30.2001029,-97.8877585,1.403,-2.528,-3.003,-1.22,-2.3937
27.601,0.0,0.03,0.0,30.2001029,-97.8877585,1.403,-2.528,-3.003,-1.22,-2.3937
27.701,0.0,-0.222,0.0,30.200103,-97.8877584,1.216,-2.518,-2.992,-1.052,-2.4176
27.801,0.0,-0.294,0.0,30.200103,-97.8877584,1.216,-2.513,-2.988,-1.004,-2.425
27.901,0.0,-0.358,0.0,30.200103,-97.8877584,1.216,-2.506,-2.982,-0.962,-2.4328
28.001,0.0,-0.358,0.0,30.200103,-97.8877584,1.216,-2.506,-2.982,-0.962,-2.4328
28.101,0.0,-0.4,0.0,30.2001032,-97.8877582,1.082,-2.498,-2.974,-0.926,-2.4574
28.201,0.0,-0.4,0.0,30.2001032,-97.8877582,1.082,-2.489,-2.968,-0.903,-2.4667
28.301,0.0,-0.4,-0.5,30.2001032,-97.8877582,1.082,-2.473,-2.959,-0.891,-2.484
28.401,0.0,-0.4,0.0,30.2001035,-97.8877581,1.067,-2.473,-2.959,-0.891,-2.5013
28.501,0.0,-0.4,0.0,30.2001035,-97.8877581,1.067,-2.466,-2.955,-0.901,-2.509
28.601,0.0,-0.365,0.0,30.2001035,-97.8877581,1.067,-2.458,-2.945,-0.957,-2.5202
28.701,0.0,-0.365,0.0,30.2001035,-97.8877581,1.067,-2.458,-2.945,-0.957,-2.5202
28.801,0.0,-0.222,0.0,30.2001036,-97.8877579,1.175,-2.464,-2.929,-1.052,-2.5392
28.901,0.0,-0.222,0.0,30.2001036,-97.8877579,1.175,-2.464,-2.929,-1.052,-2.5392
29.001,0.0,-0.137,0.0,30.2001036,-97.8877579,1.175,-2.473,-2.922,-1.109,-2.551
29.101,0.0,-0.049,0.0,30.2001034,-97.8877577,1.362,-2.483,-2.917,-1.168,-2.5561
29.201,0.0,0.125,0.0,30.2001034,-97.8877577,1.362,-2.494,-2.92,-1.283,-2.5542
29.301,0.0,0.125,0.0,30.2001034,-97.8877577,1.362,-2.494,-2.92,-1.283,-2.5505
29.401,0.0,0.207,0.0,30.2001033,-97.8877578,1.546,-2.495,-2.926,-1.338,-2.5382
29.501,0.0,0.346,0.0,30.2001033,-97.8877578,1.546,-2.488,-2.941,-1.431,-2.52
29.601,0.0,0.394,-0.5,30.2001033,-97.8877578,1.546,-2.481,-2.95,-1.462,-2.5085
29.701,0.0,0.394,0.0,30.2001033,-97.8877578,1.546,-2.481,-2.95,-1.462,-2.4967
29.801,0.0,0.4,0.0,30.2001034,-97.887758,1.654,-2.473,-2.957,-1.484,-2.4831
29.901,0.0,0.4,0.0,30.2001034,-97.887758,1.654,-2.457,-2.969,-1.491,-2.4383
30.001,0.0,0.4,0.0,30.2001034,-97.887758,1.654,-2.457,-2.969,-1.491,-2.4251
30.101,0.0,0.4,0.0,30.2001036,-97.8877582,1.633,-2.452,-2.975,-1.475,-2.4045
30.201,0.0,0.305,0.0,30.2001036,-97.8877582,1.633,-2.446,-2.989,-1.404,-2.3973
30.301,0.0,0.305,0.0,30.2001036,-97.8877582,1.633,-2.446,-2.989,-1.404,-2.3973
30.402,0.0,0.139,0.0,30.2001037,-97.8877584,1.478,-2.44,-3.001,-1.293,-2.3838
30.501,0.0,0.139,-0.5,30.2001037,-97.8877584,1.478,-2.44,-3.001,-1.293,-2.3838
30.601,0.0,0.043,0.0,30.2001037,-97.8877584,1.478,-2.437,-3.005,-1.228,-2.3849
30.701,0.0,-0.157,0.0,30.2001038,-97.8877584,1.26,-2.435,-3.002,-1.095,-2.3894
30.801,0.0,-0.253,0.0,30.2001038,-97.8877584,1.26,-2.435,-2.996,-1.031,-2.3933
30.901,0.0,-0.348,0.0,30.2001038,-97.8877584,1.26,-2.429,-2.989,-0.968,-2.402
31.001,0.0,-0.348,0.0,30.2001038,-97.8877584,1.26,-2.429,-2.989,-0.968,-2.402
31.101,0.0,-0.4,-0.5,30.2001039,-97.8877583,1.065,-2.422,-2.983,-0.914,-2.4122
31.201,0.0,-0.4,-0.5,30.2001039,-97.8877583,1.065,-2.417,-2.978,-0.871,-2.4238
31.301,0.0,-0.4,0.0,30.2001039,-97.8877583,1.065,-2.413,-2.975,-0.839,-2.4352
31.401,0.0,-0.4,0.0,30.200104,-97.8877582,0.986,-2.408,-2.971,-0.82,-2.4398
31.501,0.0,-0.4,0.0,30.200104,-97.8877582,0.986,-2.402,-2.96,-0.829,-2.4504
31.601,0.0,-0.4,0.0,30.200104,-97.8877582,0.986,-2.402,-2.953,-0.856,-2.4575
31.701,0.0,-0.4,0.0,30.200104,-97.8877582,0.986,-2.402,-2.953,-0.856,-2.4642
31.801,0.0,-0.372,0.0,30.2001041,-97.887758,1.072,-2.407,-2.938,-0.952,-2.4828
31.901,0.0,-0.372,0.0,30.2001041,-97.887758,1.072,-2.407,-2.938,-0.952,-2.4828
32.001,0.0,-0.186,0.0,30.2001041,-97.887758,1.072,-2.41,-2.936,-1.076,-2.4912
32.101,0.0,-0.186,-0.5,30.2001041,-97.8877579,1.271,-2.41,-2.936,-1.076,-2.4944
32.201,0.0,-0.186,-0.5,30.2001041,-97.8877579,1.271,-2.41,-2.936,-1.076,-2.4967
32.301,0.0,0.005,0.0,30.2001041,-97.8877579,1.271,-2.409,-2.959,-1.203,-2.496
32.401,0.0,0.187,0.0,30.2001042,-97.8877583,1.478,-2.39,-2.997,-1.324,-2.4934
32.501,0.0,0.266,0.0,30.2001042,-97.8877583,1.478,-2.38,-3.018,-1.377,-2.4855
32.601,0.0,0.336,0.0,30.2001042,-97.8877583,1.478,-2.371,-3.037,-1.424,-2.4813
32.701,0.0,0.387,-0.5,30.2001042,-97.8877583,1.478,-2.365,-3.052,-1.458,-2.4784
32.801,0.0,0.387,0.0,30.2001044,-97.887759,1.63,-2.365,-3.052,-1.458,-2.4789
32.901,0.0,0.4,-0.5,30.2001044,-97.887759,1.63,-2.356,-3.069,-1.498,-2.4798
33.001,0.0,0.4,0.0,30.2001044,-97.887759,1.63,-2.356,-3.069,-1.498,-2.4795
33.101,0.0,0.4,0.0,30.2001045,-97.8877592,1.669,-2.345,-3.077,-1.493,-2.4809
33.201,0.0,0.4,0.0,30.2001045,-97.8877592,1.669,-2.337,-3.08,-1.473,-2.4858
33.301,0.0,0.4,0.0,30.2001045,-97.8877592,1.669,-2.337,-3.08,-1.473,-2.4934
33.401,0.0,0.306,0.0,30.2001045,-97.8877592,1.669,-2.32,-3.087,-1.404,-2.5173
33.501,0.0,0.306,0.0,30.2001045,-97.8877592,1.669,-2.32,-3.087,-1.404,-2.5173
33.601,0.0,0.237,0.0,30.2001045,-97.8877592,1.669,-2.311,-3.089,-1.358,-2.5466
33.701,0.0,0.08,0.0,30.2001051,-97.8877594,1.42,-2.293,-3.092,-1.253,-2.5777
33.801,0.0,-0.003,0.0,30.2001051,-97.8877594,1.42,-2.285,-3.09,-1.198,-2.6098
33.901,0.0,-0.087,0.5,30.2001051,-97.8877594,1.42,-2.282,-3.084,-1.142,-2.6267
34.001,0.0,-0.087,0.0,30.2001051,-97.8877594,1.42,-2.282,-3.084,-1.142,-2.6267
34.101,0.0,-0.168,0.5,30.2001051,-97.8877593,1.238,-2.282,-3.074,-1.088,-2.6787
34.201,0.0,-0.246,0.5,30.2001051,-97.8877593,1.238,-2.286,-3.065,-1.036,-2.6967
34.301,0.0,-0.373,0.0,30.2001051,-97.8877593,1.238,-2.298,-3.041,-0.952,-2.7281
34.401,0.0,-0.373,0.0,30.2001051,-97.8877589,1.1,-2.298,-3.041,-0.952,-2.7365
34.501,0.0,-0.4,0.0,30.2001051,-97.8877589,1.1,-2.309,-3.025,-0.911,-2.7241
34.601,0.0,-0.4,0.0,30.2001051,-97.8877589,1.1,-2.318,-3.021,-0.911,-2.7108
34.701,0.0,-0.4,0.0,30.2001051,-97.8877589,1.1,-2.318,-3.021,-0.911,-2.7108
34.801,0.0,-0.371,0.0,30.2001048,-97.8877587,1.097,-2.339,-3.012,-0.953,-2.6541
34.901,0.0,-0.371,0.0,30.2001048,-97.8877587,1.097,-2.339,-3.012,-0.953,-2.6541
35.001,0.0,-0.314,0.0,30.2001048,-97.8877587,1.097,-2.348,-3.006,-0.99,-2.6009
35.101,0.0,-0.248,0.0,30.2001046,-97.8877585,1.222,-2.354,-2.999,-1.035,-2.5314
35.201,0.0,-0.171,0.0,30.2001046,-97.8877585,1.222,-2.356,-2.988,-1.086,-2.4933
35.301,0.0,0.003,0.0,30.2001046,-97.8877585,1.222,-2.344,-2.973,-1.202,-2.4107
35.401,0.0,0.096,0.0,30.2001047,-97.8877582,1.415,-2.337,-2.972,-1.264,-2.2908
35.501,0.0,0.188,0.0,30.2001047,-97.8877582,1.415,-2.333,-2.979,-1.326,-2.2541
35.601,0.0,0.272,0.0,30.2001047,-97.8877582,1.415,-2.331,-2.991,-1.381,-2.222
35.701,0.0,0.272,0.0,30.2001047,-97.8877582,1.415,-2.331,-2.991,-1.381,-2.222
35.801,0.0,0.34,0.0,30.2001047,-97.8877586,1.598,-2.332,-3.004,-1.427,-2.1439
35.901,0.0,0.393,0.0,30.2001047,-97.8877586,1.598,-2.335,-3.019,-1.462,-2.1233
36.001,0.0,0.4,0.0,30.2001047,-97.8877586,1.598,-2.337,-3.037,-1.488,-2.0911
36.101,0.0,0.4,0.0,30.2001047,-97.8877591,1.67,-2.342,-3.075,-1.497,-2.0689
36.201,0.0,0.4,0.0,30.2001047,-97.8877591,1.67,-2.343,-3.093,-1.483,-2.061
36.301,0.0,0.4,0.0,30.2001047,-97.8877591,1.67,-2.343,-3.093,-1.483,-2.061
36.401,0.0,0.318,0.0,30.2001047,-97.8877597,1.595,-2.336,-3.129,-1.412,-2.0518
36.501,0.0,0.318,0.0,30.2001047,-97.8877597,1.595,-2.336,-3.129,-1.412,-2.0518
36.6,0.0,0.318,0.0,30.2001047,-97.8877597,1.595,-2.336,-3.129,-1.412,-2.0518
36.931,0.0,-0.128,0.0,30.2001049,-97.8877602,1.409,-2.295,-3.177,-1.114,-2.1152
36.932,0.0,-0.128,0.0,30.2001049,-97.8877602,1.409,-2.295,-3.177,-1.114,-2.1152
36.932,0.0,-0.128,0.0,30.2001049,-97.8877602,1.409,-2.295,-3.177,-1.114,-2.1152
37.001,0.0,-0.217,0.0,30.2001052,-97.8877602,1.206,-2.288,-3.175,-1.056,-2.1455
37.101,0.0,-0.217,0.0,30.2001052,-97.8877602,1.206,-2.288,-3.175,-1.056,-2.16
37.201,0.0,-0.297,0.0,30.2001052,-97.8877602,1.206,-2.283,-3.172,-1.002,-2.16
37.301,0.0,-0.374,0.0,30.2001052,-97.8877602,1.206,-2.281,-3.167,-0.951,-2.1887
37.401,0.0,-0.4,0.0,30.2001052,-97.8877602,1.043,-2.279,-3.162,-0.903,-2.2154
37.501,0.0,-0.4,0.0,30.2001052,-97.8877602,1.043,-2.274,-3.156,-0.821,-2.2376
37.601,0.0,-0.4,0.0,30.2001052,-97.8877602,1.043,-2.271,-3.156,-0.79,-2.2462
37.701,0.0,-0.4,0.0,30.2001052,-97.8877602,1.043,-2.271,-3.156,-0.79,-2.2462
37.801,0.0,-0.4,0.0,30.2001053,-97.8877602,0.938,-2.27,-3.157,-0.758,-2.2743
37.901,0.0,-0.4,0.0,30.2001053,-97.8877602,0.938,-2.27,-3.157,-0.758,-2.2743
38.001,0.0,-0.4,0.0,30.2001053,-97.8877602,0.938,-2.278,-3.139,-0.773,-2.2879
38.101,0.0,-0.4,0.0,30.2001053,-97.8877599,0.951,-2.278,-3.139,-0.773,-2.2949
38.201,0.0,-0.4,0.0,30.2001053,-97.8877599,0.951,-2.301,-3.105,-0.835,-2.3106
38.301,0.0,-0.4,0.0,30.2001053,-97.8877599,0.951,-2.315,-3.085,-0.88,-2.3262
38.401,0.5,-0.396,0.0,30.2001049,-97.8877593,1.087,-2.332,-3.068,-0.936,-2.3424
38.501,0.5,-0.3,0.0,30.2001049,-97.8877593,1.087,-2.352,-3.062,-1.0,-2.3511
38.601,0.5,-0.3,0.0,30.2001049,-97.8877593,1.087,-2.352,-3.062,-1.0,-2.3511
38.701,0.5,-0.199,0.0,30.2001042,-97.8877592,1.305,-2.373,-3.059,-1.067,-2.3757
38.801,0.5,-0.097,0.0,30.2001042,-97.8877592,1.305,-2.395,-3.062,-1.135,-2.383
38.901,0.0,0.089,0.0,30.2001042,-97.8877592,1.305,-2.444,-3.078,-1.26,-2.3947
39.001,0.0,0.089,0.0,30.2001042,-97.8877592,1.305,-2.444,-3.078,-1.26,-2.3998
39.101,0.0,0.089,0.0,30.2001042,-97.8877592,1.305,-2.444,-3.078,-1.26,-2.3998
39.201,0.0,0.245,0.0,30.2001035,-97.8877595,1.5,-2.503,-3.104,-1.364,-2.4051
39.301,0.0,0.245,0.0,30.2001035,-97.8877595,1.5,-2.503,-3.104,-1.364,-2.4051
39.401,0.5,0.4,0.0,30.2001024,-97.88776,1.631,-2.617,-3.158,-1.469,-2.4069
39.501,0.5,0.4,0.0,30.2001024,-97.88776,1.631,-2.617,-3.158,-1.469,-2.4069
39.601,0.0,0.4,0.0,30.2001024,-97.88776,1.631,-2.653,-3.178,-1.485,-2.4026
39.701,0.5,0.4,0.0,30.2001014,-97.8877606,1.645,-2.705,-3.213,-1.475,-2.3946
39.801,0.0,0.375,0.0,30.2001014,-97.8877606,1.645,-2.718,-3.228,-1.45,-2.3864
39.901,0.5,0.324,0.0,30.2001014,-97.8877606,1.645,-2.724,-3.24,-1.416,-2.3838
40.001,0.0,0.324,0.0,30.2001014,-97.8877606,1.645,-2.724,-3.24,-1.416,-2.3838
40.101,0.5,0.263,0.0,30.2001013,-97.8877611,1.531,-2.726,-3.254,-1.375,-2.3815
40.201,0.0,0.195,0.0,30.2001013,-97.8877611,1.531,-2.726,-3.269,-1.33,-2.3809
40.301,0.5,0.037,0.0,30.2001013,-97.8877611,1.531,-2.731,-3.31,-1.225,-2.379
40.401,0.0,0.037,0.0,30.2001012,-97.8877618,1.356,-2.731,-3.31,-1.225,-2.3783
40.501,0.0,-0.151,0.0,30.2001012,-97.8877618,1.356,-2.744,-3.349,-1.099,-2.3739
40.601,0.0,-0.246,0.0,30.2001012,-97.8877618,1.356,-2.754,-3.364,-1.036,-2.3709
40.701,0.0,-0.246,0.0,30.2001012,-97.8877618,1.356,-2.754,-3.364,-1.036,-2.3709
40.801,0.0,-0.246,0.0,30.2001012,-97.8877618,1.356,-2.754,-3.364,-1.036,-2.3709
40.901,0.0,-0.4,0.0,30.2001009,-97.8877623,1.147,-2.805,-3.402,-0.888,-2.3578
41.001,0.5,-0.4,0.0,30.2001009,-97.8877623,1.147,-2.805,-3.402,-0.888,-2.3572
41.101,0.0,-0.4,0.0,30.2001003,-97.8877628,1.029,-2.823,-3.418,-0.865,-2.362
41.201,0.0,-0.4,0.0,30.2001003,-97.8877628,1.029,-2.837,-3.452,-0.853,-2.3764
41.301,0.0,-0.4,0.0,30.2001003,-97.8877628,1.029,-2.833,-3.466,-0.868,-2.3873
41.401,0.5,-0.4,0.0,30.2001004,-97.8877633,1.055,-2.821,-3.476,-0.896,-2.4264
41.501,0.0,-0.385,0.0,30.2001004,-97.8877633,1.055,-2.808,-3.478,-0.944,-2.4387
41.601,0.0,-0.385,0.0,30.2001004,-97.8877633,1.055,-2.808,-3.478,-0.944,-2.4387
41.701,0.0,-0.299,0.0,30.2001004,-97.8877633,1.055,-2.799,-3.477,-1.001,-2.4519
41.801,0.0,-0.098,0.0,30.2001006,-97.8877634,1.234,-2.799,-3.479,-1.135,-2.484
41.901,0.0,-0.098,0.0,30.2001006,-97.8877634,1.234,-2.799,-3.479,-1.135,-2.4906
42.001,0.0,0.01,0.0,30.2001006,-97.8877634,1.234,-2.816,-3.481,-1.207,-2.4963
42.101,0.0,0.211,0.0,30.2001001,-97.8877634,1.466,-2.871,-3.479,-1.341,-2.4954
42.201,0.0,0.211,0.0,30.2001001,-97.8877634,1.466,-2.871,-3.479,-1.341,-2.4954
42.301,0.0,0.376,0.0,30.2001001,-97.8877634,1.466,-2.935,-3.465,-1.45,-2.4641
42.401,0.0,0.4,0.0,30.2000992,-97.8877633,1.648,-2.966,-3.454,-1.494,-2.438
42.501,0.0,0.4,0.0,30.2000992,-97.8877633,1.648,-2.966,-3.454,-1.494,-2.438
42.601,0.0,0.4,0.0,30.2000992,-97.8877633,1.648,-3.001,-3.441,-1.529,-2.4084
42.701,0.0,0.4,0.0,30.2000982,-97.8877628,1.733,-3.068,-3.41,-1.564,-2.3787
42.801,0.0,0.4,0.0,30.2000982,-97.8877628,1.733,-3.098,-3.393,-1.561,-2.3629
42.901,0.0,0.4,0.0,30.2000982,-97.8877628,1.733,-3.13,-3.379,-1.542,-2.331
43.001,0.0,0.4,0.0,30.2000982,-97.8877628,1.733,-3.13,-3.379,-1.542,-2.331
43.101,0.0,0.398,0.0,30.2000973,-97.8877623,1.668,-3.185,-3.359,-1.465,-2.2994
43.201,0.5,0.398,0.0,30.2000973,-97.8877623,1.668,-3.185,-3.359,-1.465,-2.2842
43.301,0.0,0.398,0.0,30.2000973,-97.8877623,1.668,-3.185,-3.359,-1.465,-2.2842
43.402,0.5,0.123,0.0,30.2000967,-97.8877621,1.477,-3.241,-3.347,-1.282,-2.2452
43.501,0.0,0.123,0.0,30.2000967,-97.8877621,1.477,-3.241,-3.347,-1.282,-2.2419
43.601,0.5,-0.071,0.0,30.2000967,-97.8877621,1.477,-3.249,-3.355,-1.153,-2.245
43.701,0.0,-0.071,0.0,30.2000967,-97.8877621,1.477,-3.249,-3.355,-1.153,-2.245
43.801,0.0,-0.071,0.0,30.2000967,-97.8877621,1.477,-3.249,-3.355,-1.153,-2.245
43.901,0.0,-0.271,0.0,30.2000966,-97.8877623,1.258,-3.235,-3.362,-1.019,-2.2815
44.001,0.0,-0.367,0.0,30.2000966,-97.8877623,1.258,-3.223,-3.367,-0.955,-2.3108
44.101,0.0,-0.4,0.0,30.2000969,-97.8877624,1.052,-3.209,-3.376,-0.897,-2.3265
44.201,0.0,-0.4,0.0,30.2000969,-97.8877624,1.052,-3.189,-3.388,-0.847,-2.3438
44.301,0.0,-0.4,0.0,30.2000969,-97.8877624,1.052,-3.148,-3.422,-0.784,-2.3991
44.401,0.0,-0.4,0.0,30.2000975,-97.8877629,0.945,-3.125,-3.436,-0.773,-2.4411
44.501,0.0,-0.4,0.0,30.2000975,-97.8877629,0.945,-3.098,-3.445,-0.778,-2.4632
44.601,0.0,-0.4,0.0,30.2000975,-97.8877629,0.945,-3.098,-3.445,-0.778,-2.4632
44.701,0.0,-0.4,0.0,30.2000975,-97.8877629,0.945,-3.068,-3.449,-0.798,-2.529
44.801,0.0,-0.4,0.0,30.2000984,-97.887763,1.0,-3.034,-3.443,-0.832,-2.5503
44.901,0.0,-0.4,0.0,30.2000984,-97.887763,1.0,-2.999,-3.431,-0.881,-2.571
45.001,0.0,-0.289,0.0,30.2000984,-97.887763,1.0,-2.946,-3.395,-1.007,-2.6131
45.101,0.0,-0.289,0.0,30.2000984,-97.887763,1.0,-2.946,-3.395,-1.007,-2.6131
45.201,0.0,-0.063,0.0,30.2000992,-97.8877625,1.195,-2.925,-3.365,-1.158,-2.6962
45.301,0.0,-0.063,0.0,30.2000992,-97.8877625,1.195,-2.925,-3.365,-1.158,-2.6962
45.401,0.0,0.158,0.0,30.2000994,-97.8877622,1.447,-2.929,-3.357,-1.306,-2.7521
45.501,0.0,0.158,0.0,30.2000994,-97.8877622,1.447,-2.929,-3.357,-1.306,-2.7521
45.601,0.5,0.352,0.0,30.2000994,-97.8877622,1.447,-2.936,-3.365,-1.435,-2.7986
45.701,0.0,0.352,0.0,30.2000993,-97.8877624,1.647,-2.936,-3.365,-1.435,-2.8108
45.801,0.5,0.4,0.0,30.2000993,-97.8877624,1.647,-2.918,-3.377,-1.512,-2.8301
45.901,0.0,0.4,0.0,30.2000993,-97.8877624,1.647,-2.909,-3.381,-1.535,-2.8367
46.001,0.5,0.4,0.0,30.2000993,-97.8877624,1.647,-2.909,-3.381,-1.535,-2.8367
46.101,0.0,0.4,0.0,30.2000996,-97.8877625,1.714,-2.903,-3.385,-1.544,-2.8443
46.201,0.0,0.4,0.0,30.2000996,-97.8877625,1.714,-2.903,-3.388,-1.537,-2.8431
46.301,0.0,0.4,0.0,30.2000996,-97.8877625,1.714,-2.91,-3.392,-1.515,-2.8356
46.401,0.0,0.4,0.0,30.2000994,-97.8877626,1.625,-2.925,-3.396,-1.48,-2.8298
46.501,0.0,0.4,0.5,30.2000994,-97.8877626,1.625,-2.925,-3.396,-1.48,-2.8298
46.601,0.0,0.267,0.0,30.2000994,-97.8877626,1.625,-2.977,-3.408,-1.378,-2.803
46.701,0.0,0.168,0.5,30.2000994,-97.8877626,1.625,-3.005,-3.416,-1.312,-2.7923
46.801,0.0,0.168,0.0,30.2000994,-97.8877626,1.625,-3.005,-3.416,-1.312,-2.7923
46.902,0.0,-0.167,0.5,30.2000985,-97.8877629,1.415,-3.084,-3.451,-1.089,-2.7189
47.001,0.0,-0.167,0.0,30.2000985,-97.8877629,1.415,-3.084,-3.451,-1.089,-2.7189
47.101,0.0,-0.279,0.5,30.2000979,-97.8877633,1.166,-3.097,-3.464,-1.014,-2.6781
47.201,0.0,-0.382,0.0,30.2000979,-97.8877633,1.166,-3.106,-3.48,-0.946,-2.6554
47.301,0.0,-0.4,0.5,30.2000979,-97.8877633,1.166,-3.115,-3.52,-0.836,-2.5769
47.401,0.0,-0.4,0.0,30.2000978,-97.887764,0.98,-3.116,-3.543,-0.795,-2.5493
47.501,0.0,-0.4,0.5,30.2000978,-97.887764,0.98,-3.124,-3.561,-0.767,-2.498
47.601,0.0,-0.4,0.0,30.2000978,-97.887764,0.98,-3.124,-3.561,-0.767,-2.4732
47.701,0.0,-0.4,0.0,30.2000975,-97.8877647,0.93,-3.148,-3.601,-0.762,-2.4185
47.801,0.0,-0.4,0.0,30.2000975,-97.8877647,0.93,-3.148,-3.601,-0.762,-2.4185
47.901,0.0,-0.4,0.0,30.2000975,-97.8877647,0.93,-3.176,-3.646,-0.823,-2.3566
48.001,0.0,-0.4,0.0,30.2000975,-97.8877647,0.93,-3.187,-3.669,-0.874,-2.293
48.101,0.0,-0.398,0.0,30.2000971,-97.8877654,1.057,-3.2,-3.691,-0.935,-2.261
48.201,0.0,-0.398,0.0,30.2000971,-97.8877654,1.057,-3.2,-3.691,-0.935,-2.2317
48.301,0.0,-0.295,0.0,30.2000971,-97.8877654,1.057,-3.209,-3.711,-1.003,-2.2025
48.401,0.0,-0.059,0.0,30.2000969,-97.8877661,1.296,-3.217,-3.744,-1.161,-2.102
48.501,0.0,-0.059,0.0,30.2000969,-97.8877661,1.296,-3.217,-3.744,-1.161,-2.102
48.601,0.0,0.163,0.0,30.2000969,-97.8877661,1.296,-3.21,-3.772,-1.309,-2.0588
48.701,0.0,0.272,0.0,30.2000969,-97.8877666,1.544,-3.207,-3.789,-1.381,-2.0395
48.801,0.0,0.375,0.0,30.2000969,-97.8877666,1.544,-3.206,-3.807,-1.45,-2.0063
48.901,0.0,0.4,0.0,30.2000969,-97.8877666,1.544,-3.208,-3.83,-1.511,-1.98
49.001,0.0,0.4,0.0,30.2000969,-97.8877666,1.544,-3.208,-3.83,-1.511,-1.98
49.101,0.0,0.4,0.0,30.2000969,-97.8877666,1.544,-3.208,-3.83,-1.511,-1.98
49.201,0.0,0.4,0.0,30.2000969,-97.8877673,1.739,-3.216,-3.876,-1.592,-1.9457
49.301,0.0,0.4,0.0,30.2000969,-97.8877673,1.739,-3.226,-3.91,-1.597,-1.9385
49.401,0.0,0.4,0.0,30.2000967,-97.8877679,1.756,-3.226,-3.91,-1.597,-1.9374
49.501,0.0,0.4,0.0,30.2000967,-97.8877679,1.756,-3.233,-3.918,-1.574,-1.9383
49.601,0.0,0.301,0.0,30.2000967,-97.8877679,1.756,-3.242,-3.922,-1.481,-1.951
49.701,0.0,0.208,0.0,30.2000966,-97.887768,1.594,-3.245,-3.917,-1.419,-1.9577
49.801,0.0,0.043,0.0,30.2000966,-97.887768,1.594,-3.248,-3.909,-1.348,-1.9731
49.901,0.0,0.043,0.0,30.2000966,-97.887768,1.594,-3.248,-3.909,-1.348,-1.9731
50.001,0.0,-0.137,0.0,30.2000966,-97.887768,1.594,-3.252,-3.897,-1.269,-1.9817
50.101,0.0,-0.257,0.0,30.2000965,-97.8877676,1.341,-3.256,-3.883,-1.189,-2.0001
50.201,0.0,-0.4,0.0,30.2000965,-97.8877676,1.341,-3.261,-3.844,-1.039,-2.0206
50.301,0.0,-0.4,0.0,30.2000965,-97.8877676,1.341,-3.267,-3.826,-0.98,-2.0426
50.401,0.0,-0.4,0.0,30.2000964,-97.887767,1.123,-3.276,-3.811,-0.936,-2.0646
50.501,0.0,-0.4,0.0,30.2000964,-97.887767,1.123,-3.276,-3.811,-0.936,-2.0646
50.601,0.0,-0.4,0.0,30.2000964,-97.887767,1.123,-3.276,-3.811,-0.936,-2.0646
50.701,0.0,-0.4,0.0,30.2000961,-97.8877665,1.062,-3.304,-3.766,-0.894,-2.0959
50.801,0.0,-0.4,0.0,30.2000961,-97.8877665,1.062,-3.304,-3.766,-0.894,-2.0959
50.901,0.0,-0.4,0.0,30.2000961,-97.8877665,1.062,-3.321,-3.743,-0.945,-2.1063
51.001,0.0,-0.4,0.0,30.2000961,-97.8877665,1.062,-3.321,-3.743,-0.945,-2.1087
51.101,0.0,-0.4,0.0,30.2000961,-97.8877665,1.062,-3.33,-3.731,-0.99,-2.1087
51.201,0.0,-0.4,0.0,30.2000958,-97.8877661,1.169,-3.339,-3.716,-1.047,-2.1124
51.301,0.0,-0.395,0.0,30.2000958,-97.8877661,1.169,-3.353,-3.675,-1.176,-2.1229
51.401,0.0,-0.395,0.0,30.2000958,-97.8877661,1.169,-3.353,-3.675,-1.176,-2.1229
51.501,0.0,-0.292,0.0,30.2000956,-97.8877654,1.383,-3.354,-3.651,-1.245,-2.1343
51.601,0.0,-0.249,0.0,30.2000956,-97.8877654,1.383,-3.356,-3.632,-1.314,-2.1476
51.701,0.0,-0.043,0.0,30.2000957,-97.8877648,1.612,-3.349,-3.603,-1.451,-2.1598
51.801,0.0,0.053,0.0,30.2000957,-97.8877648,1.612,-3.341,-3.592,-1.515,-2.1689
51.901,0.0,0.084,0.0,30.2000957,-97.8877648,1.612,-3.336,-3.585,-1.576,-2.1731
52.232,0.0,0.297,0.0,30.2000958,-97.8877645,1.811,-3.316,-3.567,-1.718,-2.1961
52.233,0.0,0.297,0.0,30.2000958,-97.8877645,1.811,-3.316,-3.567,-1.718,-2.1961
52.234,0.0,0.297,0.0,30.2000958,-97.8877645,1.811,-3.316,-3.567,-1.718,-2.1961
52.301,0.0,0.297,0.0,30.2000958,-97.8877645,1.811,-3.316,-3.567,-1.718,-2.1961
52.401,0.0,0.343,0.0,30.200096,-97.8877644,1.931,-3.308,-3.562,-1.749,-2.1997
52.501,0.0,0.375,0.0,30.200096,-97.8877644,1.931,-3.299,-3.559,-1.77,-2.2058
52.601,0.0,0.398,0.0,30.200096,-97.8877644,1.931,-3.282,-3.556,-1.786,-2.2087
52.701,0.0,0.398,0.0,30.200096,-97.8877644,1.931,-3.282,-3.556,-1.786,-2.2091
52.801,0.0,0.349,0.0,30.2000962,-97.8877643,1.947,-3.264,-3.559,-1.752,-2.2075
52.901,0.0,0.349,0.0,30.2000962,-97.8877643,1.947,-3.264,-3.559,-1.752,-2.2075
53.001,0.0,0.296,0.0,30.2000962,-97.8877643,1.947,-3.256,-3.561,-1.718,-2.2039
53.101,0.0,0.23,0.0,30.2000965,-97.8877644,1.833,-3.249,-3.563,-1.673,-2.199
53.201,0.0,0.152,0.0,30.2000965,-97.8877644,1.833,-3.239,-3.562,-1.621,-2.199
53.301,0.0,0.066,0.0,30.2000965,-97.8877644,1.833,-3.229,-3.56,-1.564,-2.1879
53.401,0.0,0.066,0.0,30.2000965,-97.8877644,1.833,-3.229,-3.56,-1.564,-2.1879
53.501,0.0,0.066,0.0,30.2000965,-97.8877644,1.833,-3.229,-3.56,-1.564,-2.1879
53.601,0.0,-0.204,0.0,30.2000968,-97.8877642,1.639,-3.203,-3.541,-1.384,-2.1663
53.701,0.0,-0.361,0.0,30.200097,-97.887764,1.457,-3.188,-3.524,-1.28,-2.1507
53.801,0.0,-0.361,0.0,30.200097,-97.887764,1.457,-3.188,-3.524,-1.28,-2.1507
53.901,0.0,-0.4,0.0,30.200097,-97.887764,1.457,-3.182,-3.511,-1.203,-2.1423
54.001,0.0,-0.4,0.0,30.200097,-97.887764,1.457,-3.182,-3.505,-1.178,-2.1344
54.101,0.0,-0.4,0.0,30.2000971,-97.8877638,1.345,-3.181,-3.498,-1.166,-2.131
54.201,0.0,-0.4,0.0,30.2000971,-97.8877638,1.345,-3.181,-3.498,-1.166,-2.131
54.301,0.0,-0.4,0.0,30.2000971,-97.8877638,1.345,-3.181,-3.492,-1.167,-2.1198
54.401,0.0,-0.4,0.0,30.2000971,-97.8877636,1.364,-3.182,-3.483,-1.21,-2.1083
54.501,0.5,-0.4,0.0,30.2000971,-97.8877636,1.364,-3.182,-3.483,-1.21,-2.1083
54.601,0.0,-0.326,0.0,30.2000971,-97.8877636,1.364,-3.185,-3.484,-1.302,-2.1008
54.701,0.5,-0.326,0.0,30.2000971,-97.8877636,1.364,-3.185,-3.484,-1.302,-2.0971
54.801,0.0,-0.145,0.0,30.2000971,-97.8877636,1.364,-3.182,-3.5,-1.423,-2.0913
54.901,0.5,-0.041,0.0,30.2000971,-97.8877636,1.364,-3.183,-3.511,-1.493,-2.0876
55.001,0.5,-0.041,0.0,30.2000971,-97.8877636,1.364,-3.183,-3.511,-1.493,-2.0876
55.101,0.5,0.063,0.0,30.2000971,-97.8877639,1.743,-3.184,-3.524,-1.562,-2.0868
55.201,0.0,0.156,0.0,30.2000971,-97.8877639,1.743,-3.181,-3.534,-1.624,-2.0875
55.301,0.0,0.333,0.0,30.2000971,-97.8877639,1.743,-3.178,-3.559,-1.742,-2.0928
55.401,0.0,0.333,0.0,30.2000971,-97.8877643,1.938,-3.178,-3.559,-1.742,-2.1023
55.501,0.0,0.333,0.0,30.2000971,-97.8877643,1.938,-3.178,-3.559,-1.742,-2.1023
55.601,0.0,0.333,0.0,30.2000971,-97.8877643,1.938,-3.178,-3.559,-1.742,-2.1023
55.701,0.0,0.4,0.0,30.200097,-97.8877652,2.052,-3.204,-3.652,-1.885,-2.1408
55.801,0.0,0.4,0.0,30.200097,-97.8877652,2.052,-3.22,-3.685,-1.889,-2.1621
55.901,0.0,0.4,0.0,30.200097,-97.8877652,2.052,-3.22,-3.685,-1.889,-2.1621
56.001,0.0,0.4,0.0,30.200097,-97.8877652,2.052,-3.229,-3.723,-1.879,-2.1728
56.102,0.5,0.4,0.0,30.2000967,-97.8877664,2.02,-3.237,-3.758,-1.855,-2.1911
56.201,0.0,0.352,0.0,30.2000967,-97.8877664,2.02,-3.238,-3.806,-1.754,-2.2056
56.301,0.5,0.262,0.0,30.2000967,-97.8877664,2.02,-3.232,-3.815,-1.695,-2.2157
56.401,0.0,0.262,0.0,30.2000967,-97.8877664,2.02,-3.232,-3.815,-1.695,-2.2157
56.501,0.0,0.084,0.0,30.2000968,-97.8877669,1.833,-3.212,-3.815,-1.576,-2.2213
56.601,0.0,0.084,0.0,30.2000968,-97.8877669,1.833,-3.212,-3.815,-1.576,-2.2213
56.701,0.0,-0.0,0.0,30.2000968,-97.8877669,1.833,-3.203,-3.812,-1.52,-2.2203
56.801,0.0,-0.172,0.0,30.200097,-97.8877668,1.641,-3.185,-3.802,-1.405,-2.2095
56.901,0.0,-0.251,0.0,30.200097,-97.8877668,1.641,-3.179,-3.805,-1.352,-2.1904
57.001,0.0,-0.251,0.0,30.200097,-97.8877668,1.641,-3.179,-3.805,-1.352,-2.1769
57.332,0.0,-0.4,0.0,30.2000971,-97.8877669,1.381,-3.189,-3.815,-1.216,-2.0774
57.333,0.0,-0.4,0.0,30.2000971,-97.8877669,1.381,-3.189,-3.815,-1.216,-2.0774
57.334,0.0,-0.4,0.0,30.2000971,-97.8877669,1.381,-3.189,-3.815,-1.216,-2.0774
57.401,0.0,-0.4,0.0,30.2000971,-97.8877669,1.381,-3.196,-3.816,-1.209,-2.0613
57.501,0.0,-0.4,0.0,30.2000971,-97.8877669,1.381,-3.196,-3.816,-1.209,-2.0613
57.601,0.0,-0.4,0.0,30.2000971,-97.8877669,1.381,-3.201,-3.818,-1.213,-2.0314
57.701,0.0,-0.394,0.0,30.200097,-97.887767,1.42,-3.201,-3.828,-1.257,-2.0034
57.801,0.0,-0.337,0.0,30.200097,-97.887767,1.42,-3.198,-3.837,-1.296,-1.9892
57.901,0.0,-0.263,0.0,30.200097,-97.887767,1.42,-3.199,-3.846,-1.344,-1.9651
58.001,0.0,-0.263,0.0,30.200097,-97.887767,1.42,-3.199,-3.846,-1.344,-1.9551
58.101,0.0,-0.179,0.0,30.200097,-97.8877673,1.577,-3.204,-3.856,-1.401,-1.9482
58.201,0.0,-0.083,0.0,30.200097,-97.8877673,1.577,-3.215,-3.864,-1.465,-1.9449
58.301,0.0,0.116,0.0,30.200097,-97.8877673,1.577,-3.253,-3.872,-1.597,-1.9569
58.401,0.0,0.116,0.0,30.2000964,-97.8877675,1.796,-3.253,-3.872,-1.597,-1.9675
58.501,0.0,0.298,0.0,30.2000964,-97.8877675,1.796,-3.299,-3.87,-1.719,-1.9984
58.601,0.0,0.383,0.0,30.2000964,-97.8877675,1.796,-3.319,-3.87,-1.775,-2.04
58.701,0.0,0.383,0.0,30.2000964,-97.8877675,1.796,-3.319,-3.87,-1.775,-2.04
58.801,0.0,0.4,0.0,30.2000958,-97.8877675,1.982,-3.342,-3.867,-1.852,-2.1167
58.901,0.0,0.4,0.0,30.2000958,-97.8877675,1.982,-3.342,-3.867,-1.852,-2.1167
59.001,0.0,0.4,0.0,30.2000958,-97.8877675,1.982,-3.347,-3.863,-1.869,-2.1748
59.101,0.0,0.4,0.0,30.2000957,-97.8877673,2.039,-3.349,-3.858,-1.871,-2.2339
59.201,0.0,0.4,0.0,30.2000957,-97.8877673,2.039,-3.346,-3.845,-1.834,-2.2886
59.301,0.0,0.4,0.0,30.2000957,-97.8877673,2.039,-3.344,-3.838,-1.795,-2.3147
59.401,0.0,0.338,0.0,30.2000957,-97.8877672,1.943,-3.341,-3.829,-1.746,-2.3586
59.501,0.0,0.256,0.0,30.2000957,-97.8877672,1.943,-3.339,-3.816,-1.691,-2.3891
59.601,0.0,0.167,0.0,30.2000957,-97.8877672,1.943,-3.336,-3.8,-1.631,-2.3891
59.701,0.0,0.068,0.0,30.2000957,-97.8877667,1.749,-3.342,-3.785,-1.565,-2.4117
59.801,0.0,0.068,0.0,30.2000957,-97.8877667,1.749,-3.342,-3.785,-1.565,-2.4117
59.901,0.0,-0.131,0.0,30.2000957,-97.8877667,1.749,-3.352,-3.751,-1.432,-2.4124
60.001,0.0,-0.131,0.0,30.2000957,-97.8877667,1.749,-3.352,-3.751,-1.432,-2.4089
60.101,0.0,-0.131,-0.5,30.2000957,-97.8877667,1.749,-3.352,-3.751,-1.432,-2.4042
60.201,0.0,-0.364,0.0,30.2000956,-97.8877661,1.533,-3.349,-3.71,-1.277,-2.3778
60.301,0.0,-0.364,-0.5,30.2000956,-97.8877661,1.533,-3.349,-3.71,-1.277,-2.3778
60.401,0.0,-0.4,0.0,30.2000956,-97.8877657,1.398,-3.345,-3.7,-1.242,-2.3357
60.501,0.0,-0.4,-0.5,30.2000956,-97.8877657,1.398,-3.341,-3.688,-1.215,-2.3206
60.601,0.0,-0.4,0.0,30.2000956,-97.8877657,1.398,-3.335,-3.677,-1.202,-2.2901
60.701,0.0,-0.4,0.0,30.2000957,-97.8877655,1.381,-3.333,-3.675,-1.216,-2.275
60.801,0.0,-0.4,0.0,30.2000957,-97.8877655,1.381,-3.33,-3.675,-1.244,-2.2473
60.901,0.0,-0.36,0.0,30.2000957,-97.8877655,1.381,-3.327,-3.678,-1.28,-2.2353
61.001,0.0,-0.36,0.0,30.2000957,-97.8877655,1.381,-3.327,-3.678,-1.28,-2.2246
61.101,0.0,-0.36,0.0,30.2000957,-97.8877655,1.381,-3.327,-3.678,-1.28,-2.2246
61.201,0.0,-0.36,0.0,30.2000957,-97.8877655,1.381,-3.327,-3.678,-1.28,-2.2246
61.301,0.0,-0.124,0.0,30.2000957,-97.8877655,1.381,-3.318,-3.71,-1.437,-2.1978
61.401,0.5,-0.032,0.0,30.2000959,-97.8877661,1.696,-3.314,-3.727,-1.499,-2.197
61.501,0.5,0.149,0.0,30.2000959,-97.8877661,1.696,-3.297,-3.759,-1.62,-2.1979
61.601,0.0,0.231,0.0,30.2000959,-97.8877661,1.696,-3.29,-3.774,-1.674,-2.2011
61.701,0.0,0.231,0.0,30.2000959,-97.8877661,1.696,-3.29,-3.774,-1.674,-2.2011
61.801,0.5,0.231,0.0,30.2000959,-97.8877661,1.696,-3.29,-3.774,-1.674,-2.2011
61.902,0.0,0.4,0.0,30.2000961,-97.8877666,1.883,-3.291,-3.844,-1.8,-2.2198
62.001,0.5,0.4,0.0,30.2000961,-97.8877666,1.883,-3.291,-3.844,-1.8,-2.2282
62.101,0.0,0.4,0.0,30.2000961,-97.8877675,1.995,-3.294,-3.873,-1.824,-2.2495
62.431,0.0,0.4,0.0,30.200096,-97.8877685,1.972,-3.318,-3.98,-1.787,-2.2953
62.432,0.0,0.4,0.0,30.200096,-97.8877685,1.972,-3.318,-3.98,-1.787,-2.2953
62.433,0.0,0.4,0.0,30.200096,-97.8877685,1.972,-3.318,-3.98,-1.787,-2.2953
62.501,0.0,0.354,0.0,30.200096,-97.8877685,1.972,-3.329,-4.007,-1.756,-2.3088
62.601,0.0,0.354,0.0,30.200096,-97.8877685,1.972,-3.329,-4.007,-1.756,-2.3088
62.701,0.0,0.298,-0.5,30.200096,-97.8877685,1.972,-3.342,-4.032,-1.719,-2.3176
62.801,0.0,0.154,0.0,30.2000957,-97.8877693,1.856,-3.357,-4.073,-1.623,-2.353
62.901,0.0,0.154,-0.5,30.2000957,-97.8877693,1.856,-3.357,-4.073,-1.623,-2.368
63.001,0.0,-0.025,-0.5,30.2000955,-97.8877698,1.668,-3.37,-4.091,-1.503,-2.4039
63.101,0.0,-0.105,0.0,30.2000955,-97.8877698,1.668,-3.371,-4.081,-1.45,-2.4441
63.201,0.0,-0.179,-0.5,30.2000955,-97.8877698,1.668,-3.37,-4.059,-1.401,-2.4889
63.301,0.0,-0.179,-0.5,30.2000955,-97.8877698,1.668,-3.37,-4.059,-1.401,-2.4889
63.401,0.0,-0.293,0.0,30.2000954,-97.8877691,1.512,-3.374,-3.996,-1.324,-2.5683
63.501,0.0,-0.293,0.0,30.2000954,-97.8877691,1.512,-3.374,-3.996,-1.324,-2.5683
63.601,0.0,-0.369,0.0,30.2000954,-97.8877691,1.512,-3.405,-3.931,-1.274,-2.6237
63.701,0.0,-0.377,0.0,30.200095,-97.887768,1.438,-3.427,-3.903,-1.269,-2.6768
63.801,0.0,-0.377,0.0,30.200095,-97.887768,1.438,-3.427,-3.903,-1.269,-2.6768
63.901,0.0,-0.341,0.0,30.200095,-97.887768,1.438,-3.472,-3.868,-1.293,-2.7412
64.001,0.0,-0.341,0.0,30.200095,-97.887768,1.438,-3.472,-3.868,-1.293,-2.7412
64.101,0.0,-0.305,0.5,30.2000944,-97.8877674,1.489,-3.492,-3.858,-1.317,-2.769
64.201,0.0,-0.255,0.0,30.2000944,-97.8877674,1.489,-3.511,-3.85,-1.35,-2.7827
64.301,0.0,-0.193,0.5,30.2000944,-97.8877674,1.489,-3.527,-3.842,-1.391,-2.7843
64.401,0.0,-0.126,0.5,30.2000939,-97.8877672,1.624,-3.538,-3.833,-1.436,-2.7818
64.501,0.0,0.015,0.0,30.2000939,-97.8877672,1.624,-3.556,-3.822,-1.53,-2.7703
64.601,0.0,0.086,0.5,30.2000939,-97.8877672,1.624,-3.567,-3.824,-1.577,-2.7597
64.701,0.0,0.086,0.5,30.2000939,-97.8877672,1.624,-3.567,-3.824,-1.577,-2.7469
64.801,0.0,0.086,0.0,30.2000939,-97.8877672,1.624,-3.567,-3.824,-1.577,-2.7469
64.901,0.0,0.225,0.0,30.2000936,-97.8877671,1.782,-3.599,-3.835,-1.67,-2.6953
65.001,0.0,0.329,0.0,30.2000936,-97.8877671,1.782,-3.639,-3.861,-1.739,-2.652
65.101,0.0,0.329,0.0,30.200093,-97.8877675,1.911,-3.639,-3.861,-1.739,-2.6001
65.201,0.0,0.373,0.0,30.200093,-97.8877675,1.911,-3.645,-3.89,-1.769,-2.5433
65.301,0.0,0.374,0.0,30.200093,-97.8877675,1.911,-3.642,-3.907,-1.769,-2.5151
65.401,0.0,0.361,0.0,30.2000931,-97.8877679,1.936,-3.636,-3.923,-1.76,-2.4591
65.501,0.0,0.333,0.0,30.2000931,-97.8877679,1.936,-3.627,-3.938,-1.742,-2.4326
65.601,0.0,0.333,0.0,30.2000931,-97.8877679,1.936,-3.627,-3.938,-1.742,-2.4326
65.701,0.0,0.291,0.0,30.2000933,-97.8877685,1.858,-3.615,-3.953,-1.714,-2.3811
65.801,0.0,0.237,0.0,30.2000933,-97.8877685,1.858,-3.603,-3.968,-1.678,-2.3353
65.901,0.0,0.094,0.0,30.2000933,-97.8877685,1.858,-3.581,-3.997,-1.582,-2.2987
66.001,0.0,0.094,0.5,30.2000933,-97.8877685,1.858,-3.581,-3.997,-1.582,-2.2851
66.101,0.0,0.012,0.0,30.2000933,-97.8877685,1.858,-3.572,-4.011,-1.528,-2.2745
66.201,0.0,-0.07,0.0,30.2000936,-97.8877689,1.695,-3.557,-4.019,-1.473,-2.2668
66.301,0.0,-0.151,0.0,30.2000936,-97.8877689,1.695,-3.537,-4.025,-1.419,-2.2606
66.401,0.0,-0.287,0.0,30.2000941,-97.8877692,1.522,-3.493,-4.038,-1.329,-2.2701
66.501,0.0,-0.287,0.0,30.2000941,-97.8877692,1.522,-3.493,-4.038,-1.329,-2.2701
66.601,0.0,-0.368,0.5,30.2000941,-97.8877692,1.522,-3.445,-4.041,-1.274,-2.2931
66.701,0.0,-0.388,0.0,30.2000948,-97.8877692,1.433,-3.423,-4.037,-1.261,-2.304
66.801,0.0,-0.39,0.5,30.2000948,-97.8877692,1.433,-3.407,-4.032,-1.26,-2.3269
66.901,0.0,-0.374,0.0,30.2000948,-97.8877692,1.433,-3.395,-4.028,-1.271,-2.3399
67.001,0.0,-0.374,0.5,30.2000948,-97.8877692,1.433,-3.395,-4.028,-1.271,-2.3627
67.101,0.0,-0.288,0.0,30.2000952,-97.8877691,1.464,-3.39,-4.027,-1.328,-2.3702
67.201,0.0,-0.288,0.5,30.2000952,-97.8877691,1.464,-3.39,-4.027,-1.328,-2.3747
67.532,0.0,0.004,0.0,30.2000952,-97.8877693,1.604,-3.423,-4.059,-1.522,-2.3596
67.533,0.0,0.004,0.0,30.2000952,-97.8877693,1.604,-3.423,-4.059,-1.522,-2.3596
67.534,0.0,0.004,0.0,30.2000952,-97.8877693,1.604,-3.423,-4.059,-1.522,-2.3596
67.601,0.0,0.084,0.0,30.2000952,-97.8877693,1.604,-3.435,-4.067,-1.576,-2.3372
67.701,0.0,0.084,0.0,30.2000952,-97.8877693,1.604,-3.435,-4.067,-1.576,-2.3372
67.801,0.0,0.172,0.0,30.2000948,-97.8877696,1.786,-3.449,-4.072,-1.635,-2.3222
67.901,0.0,0.256,0.0,30.2000948,-97.8877696,1.786,-3.464,-4.073,-1.691,-2.2634
68.001,0.0,0.338,0.0,30.2000948,-97.8877696,1.786,-3.482,-4.073,-1.745,-2.242
68.101,0.0,0.4,0.0,30.2000943,-97.8877696,1.964,-3.498,-4.072,-1.793,-2.1993
68.201,0.0,0.4,0.0,30.2000943,-97.8877696,1.964,-3.498,-4.072,-1.793,-2.1993
68.301,0.0,0.4,0.0,30.2000943,-97.8877696,1.964,-3.518,-4.081,-1.859,-2.1394
68.401,0.0,0.4,0.0,30.2000943,-97.8877696,1.964,-3.518,-4.081,-1.859,-2.1394
68.501,0.5,0.4,0.0,30.2000941,-97.8877698,2.048,-3.535,-4.109,-1.869,-2.0613
68.601,0.5,0.4,0.0,30.2000941,-97.8877698,2.048,-3.535,-4.109,-1.869,-2.0431
68.701,0.0,0.4,0.0,30.2000939,-97.8877701,1.994,-3.54,-4.119,-1.846,-2.0254
68.801,0.5,0.4,0.0,30.2000939,-97.8877701,1.994,-3.542,-4.129,-1.813,-2.0082
68.901,0.0,0.301,0.0,30.2000939,-97.8877701,1.994,-3.545,-4.137,-1.721,-1.9588
69.001,0.0,0.301,0.0,30.2000939,-97.8877701,1.994,-3.545,-4.137,-1.721,-1.9432
69.101,0.0,0.216,0.0,30.2000939,-97.8877703,1.833,-3.548,-4.137,-1.664,-1.9432
69.201,0.0,0.131,0.0,30.2000939,-97.8877703,1.833,-3.555,-4.139,-1.608,-1.9143
69.301,0.0,0.044,0.0,30.2000939,-97.8877703,1.833,-3.562,-4.144,-1.55,-1.8864
69.401,0.0,-0.046,0.0,30.2000937,-97.8877705,1.637,-3.567,-4.154,-1.489,-1.8606
69.501,0.0,-0.137,0.0,30.2000937,-97.8877705,1.637,-3.569,-4.167,-1.428,-1.8485
69.601,0.0,-0.289,0.0,30.2000937,-97.8877705,1.637,-3.578,-4.21,-1.328,-1.8262
69.701,0.0,-0.363,0.0,30.2000936,-97.8877711,1.462,-3.574,-4.22,-1.278,-1.8083
69.801,0.0,-0.4,0.0,30.2000936,-97.8877711,1.462,-3.566,-4.222,-1.233,-1.8006
69.901,0.5,-0.4,0.0,30.2000936,-97.8877711,1.462,-3.555,-4.218,-1.195,-1.788
70.001,0.5,-0.4,0.0,30.2000936,-97.8877711,1.462,-3.555,-4.218,-1.195,-1.788
70.101,0.5,-0.4,0.0,30.2000938,-97.887771,1.338,-3.541,-4.209,-1.169,-1.7788
70.201,0.5,-0.4,0.0,30.2000938,-97.887771,1.338,-3.526,-4.199,-1.164,-1.7729
70.301,0.0,-0.4,0.0,30.2000938,-97.887771,1.338,-3.501,-4.198,-1.198,-1.7673
70.401,0.5,-0.4,0.0,30.2000942,-97.8877709,1.379,-3.501,-4.198,-1.198,-1.7635
70.501,0.0,-0.361,0.0,30.2000942,-97.8877709,1.379,-3.495,-4.244,-1.279,-1.7521
70.601,0.0,-0.282,0.0,30.2000942,-97.8877709,1.379,-3.498,-4.288,-1.332,-1.7461
70.701,0.0,-0.282,0.0,30.2000942,-97.8877709,1.379,-3.498,-4.288,-1.332,-1.7461
70.801,0.0,-0.094,0.0,30.2000942,-97.8877722,1.542,-3.514,-4.39,-1.458,-1.726
70.901,0.0,-0.094,0.0,30.2000942,-97.8877722,1.542,-3.514,-4.39,-1.458,-1.726
71.001,0.0,-0.003,-0.5,30.2000942,-97.8877722,1.542,-3.518,-4.436,-1.518,-1.7186
71.101,0.0,0.085,-0.5,30.200094,-97.8877737,1.746,-3.52,-4.471,-1.577,-1.7151
71.201,0.0,0.085,-0.5,30.200094,-97.8877737,1.746,-3.52,-4.471,-1.577,-1.7151
71.301,0.0,0.309,0.0,30.200094,-97.8877737,1.746,-3.523,-4.485,-1.726,-1.7232
71.401,0.0,0.376,0.0,30.2000941,-97.8877739,1.912,-3.528,-4.486,-1.771,-1.7375
71.501,0.0,0.4,0.0,30.2000941,-97.8877739,1.912,-3.531,-4.483,-1.806,-1.7498
71.601,0.0,0.4,0.0,30.2000941,-97.8877739,1.912,-3.531,-4.483,-1.806,-1.7498
71.701,0.0,0.4,0.0,30.2000939,-97.8877739,2.01,-3.547,-4.488,-1.843,-1.8287
71.801,0.5,0.4,0.0,30.2000939,-97.8877739,2.01,-3.547,-4.488,-1.843,-1.8287
71.901,0.0,0.4,0.0,30.2000939,-97.8877739,2.01,-3.573,-4.513,-1.82,-1.8766
72.001,0.5,0.4,0.0,30.2000939,-97.8877739,2.01,-3.573,-4.513,-1.82,-1.901
72.101,0.5,0.4,0.0,30.2000936,-97.8877743,1.955,-3.573,-4.513,-1.82,-1.901
72.201,0.0,0.323,0.0,30.2000936,-97.8877743,1.955,-3.589,-4.545,-1.735,-1.9477
72.301,0.0,0.237,0.0,30.2000936,-97.8877743,1.955,-3.592,-4.557,-1.678,-1.9958
72.631,0.0,-0.081,0.0,30.2000935,-97.8877747,1.758,-3.584,-4.559,-1.466,-2.1087
72.632,0.0,-0.081,0.0,30.2000935,-97.8877747,1.758,-3.584,-4.559,-1.466,-2.1087
72.633,0.0,-0.081,0.0,30.2000935,-97.8877747,1.758,-3.584,-4.559,-1.466,-2.1087
72.701,0.0,-0.291,0.0,30.2000936,-97.8877747,1.52,-3.582,-4.555,-1.326,-2.146
72.801,0.0,-0.291,0.0,30.2000936,-97.8877747,1.52,-3.582,-4.555,-1.326,-2.146
72.901,0.0,-0.4,0.0,30.2000936,-97.8877747,1.52,-3.601,-4.546,-1.207,-2.1818
73.001,0.0,-0.4,0.0,30.2000936,-97.8877747,1.52,-3.601,-4.546,-1.207,-2.1818
73.101,0.0,-0.4,0.0,30.2000933,-97.8877745,1.327,-3.612,-4.532,-1.157,-2.1911
73.201,0.0,-0.4,0.0,30.2000933,-97.8877745,1.327,-3.622,-4.51,-1.115,-2.1888
73.301,0.0,-0.4,0.0,30.2000933,-97.8877745,1.327,-3.63,-4.453,-1.068,-2.1793
73.401,0.0,-0.4,0.0,30.2000931,-97.8877735,1.236,-3.63,-4.453,-1.068,-2.173
73.501,0.0,-0.4,0.0,30.2000931,-97.8877735,1.236,-3.635,-4.404,-1.084,-2.1543
73.601,0.0,-0.4,0.0,30.2000931,-97.8877735,1.236,-3.637,-4.389,-1.113,-2.1282
73.701,0.0,-0.4,0.0,30.2000931,-97.8877735,1.236,-3.637,-4.389,-1.113,-2.1125
73.801,0.0,-0.4,0.0,30.2000931,-97.8877735,1.236,-3.637,-4.389,-1.113,-2.1125
73.901,0.0,-0.4,0.0,30.2000931,-97.8877729,1.308,-3.638,-4.378,-1.199,-2.0776
74.001,0.0,-0.399,0.0,30.2000931,-97.8877729,1.308,-3.647,-4.383,-1.254,-2.0409
74.101,0.0,-0.304,0.0,30.2000929,-97.887773,1.485,-3.659,-4.391,-1.318,-2.0088
74.201,0.5,-0.193,0.0,30.2000929,-97.887773,1.485,-3.675,-4.401,-1.391,-1.994
74.301,0.0,0.025,0.0,30.2000929,-97.887773,1.485,-3.709,-4.421,-1.537,-1.9692
74.401,0.5,0.025,0.0,30.2000929,-97.887773,1.485,-3.709,-4.421,-1.537,-1.9692
74.501,0.0,0.232,0.0,30.2000924,-97.8877732,1.727,-3.727,-4.441,-1.675,-1.9378
74.601,0.5,0.232,0.0,30.2000924,-97.8877732,1.727,-3.727,-4.441,-1.675,-1.9378
74.701,0.0,0.4,0.0,30.2000923,-97.8877737,1.941,-3.719,-4.476,-1.79,-1.9248
74.801,0.0,0.4,0.0,30.2000923,-97.8877737,1.941,-3.719,-4.476,-1.79,-1.9248
74.901,0.0,0.4,0.0,30.2000923,-97.8877737,1.941,-3.704,-4.535,-1.872,-1.92
75.001,0.0,0.4,0.0,30.2000926,-97.8877747,2.062,-3.694,-4.568,-1.893,-1.9208
75.101,0.0,0.4,0.0,30.2000926,-97.8877747,2.062,-3.676,-4.596,-1.899,-1.9263
75.201,0.0,0.4,0.0,30.2000926,-97.8877747,2.062,-3.659,-4.622,-1.891,-1.9311
75.301,0.0,0.4,0.0,30.2000926,-97.8877747,2.062,-3.659,-4.622,-1.891,-1.9311
75.401,0.0,0.4,0.0,30.200093,-97.8877756,2.025,-3.628,-4.67,-1.826,-1.9604
75.501,0.0,0.4,0.0,30.200093,-97.8877756,2.025,-3.628,-4.67,-1.826,-1.9604
75.601,0.0,0.303,0.0,30.200093,-97.8877756,2.025,-3.599,-4.704,-1.722,-1.9762
75.701,0.0,0.208,0.0,30.2000934,-97.8877762,1.852,-3.584,-4.708,-1.659,-1.9914
75.801,0.0,0.208,0.0,30.2000934,-97.8877762,1.852,-3.584,-4.708,-1.659,-1.9914
75.901,0.5,0.208,0.0,30.2000934,-97.8877762,1.852,-3.584,-4.708,-1.659,-1.9914
76.001,0.0,-0.005,0.0,30.2000934,-97.8877762,1.852,-3.561,-4.706,-1.517,-2.0243
76.101,0.5,-0.235,0.0,30.2000937,-97.8877761,1.614,-3.558,-4.703,-1.363,-2.0325
76.201,0.0,-0.235,0.0,30.2000937,-97.8877761,1.614,-3.558,-4.703,-1.363,-2.0497
76.301,0.0,-0.344,0.0,30.2000937,-97.8877761,1.614,-3.563,-4.701,-1.291,-2.0584
76.401,0.0,-0.4,0.0,30.2000936,-97.8877762,1.381,-3.572,-4.698,-1.228,-2.0724
76.501,0.0,-0.4,0.0,30.2000936,-97.8877762,1.381,-3.572,-4.698,-1.228,-2.0724
76.601,0.0,-0.4,0.0,30.2000936,-97.8877762,1.381,-3.622,-4.708,-1.124,-2.0949
76.701,0.0,-0.4,0.0,30.2000936,-97.8877762,1.381,-3.622,-4.708,-1.124,-2.0949
76.801,0.5,-0.4,0.0,30.2000931,-97.8877763,1.291,-3.664,-4.748,-1.134,-2.1227
76.901,0.0,-0.4,0.0,30.2000931,-97.8877763,1.291,-3.664,-4.748,-1.134,-2.1227
77.001,0.5,-0.4,0.0,30.2000931,-97.8877763,1.291,-3.685,-4.77,-1.166,-2.1334
77.101,0.0,-0.4,0.0,30.2000925,-97.887777,1.379,-3.702,-4.787,-1.211,-2.136
77.201,0.0,-0.4,0.0,30.2000925,-97.887777,1.379,-3.702,-4.787,-1.211,-2.136
77.301,0.0,-0.4,0.0,30.2000925,-97.887777,1.379,-3.702,-4.787,-1.211,-2.136
77.402,0.0,-0.11,0.0,30.2000922,-97.887777,1.571,-3.741,-4.764,-1.447,-2.0908
77.731,0.0,0.211,0.0,30.2000916,-97.887777,1.801,-3.815,-4.794,-1.66,-2.0165
77.732,0.0,0.211,0.0,30.2000916,-97.887777,1.801,-3.815,-4.794,-1.66,-2.0165
77.733,0.0,0.211,0.0,30.2000916,-97.887777,1.801,-3.815,-4.794,-1.66,-2.0165
77.801,0.0,0.211,0.0,30.2000916,-97.887777,1.801,-3.815,-4.794,-1.66,-2.0165
77.901,0.0,0.4,0.0,30.2000916,-97.887777,1.801,-3.885,-4.888,-1.788,-1.9957
78.001,0.0,0.4,0.0,30.2000906,-97.8877786,2.0,-3.919,-4.938,-1.833,-1.9902
78.101,0.0,0.4,0.0,30.2000906,-97.8877786,2.0,-3.919,-4.938,-1.833,-1.9804
78.201,0.0,0.4,0.0,30.2000906,-97.8877786,2.0,-3.963,-5.003,-1.896,-1.9663
78.301,0.0,0.4,0.0,30.2000906,-97.8877786,2.0,-3.963,-5.003,-1.896,-1.9663
78.401,0.0,0.4,0.0,30.2000901,-97.8877795,2.086,-3.966,-5.033,-1.92,-1.9516
78.501,0.0,0.4,0.0,30.2000901,-97.8877795,2.086,-3.966,-5.033,-1.92,-1.9516
78.601,0.0,0.4,0.0,30.2000901,-97.8877795,2.086,-3.948,-5.034,-1.898,-1.9309
78.701,0.0,0.4,0.0,30.2000903,-97.8877795,2.051,-3.938,-5.019,-1.869,-1.922
78.801,0.0,0.4,0.0,30.2000903,-97.8877795,2.051,-3.931,-4.993,-1.834,-1.9049
78.901,0.0,0.4,0.0,30.2000903,-97.8877795,2.051,-3.931,-4.948,-1.789,-1.8952
79.001,0.0,0.4,0.0,30.2000903,-97.8877795,2.051,-3.931,-4.948,-1.789,-1.8952
79.101,0.0,0.271,0.0,30.2000904,-97.8877782,1.918,-3.94,-4.801,-1.7,-1.892
79.201,0.0,0.271,0.0,30.2000904,-97.8877782,1.918,-3.94,-4.801,-1.7,-1.9007
79.301,0.0,0.151,0.0,30.2000904,-97.8877782,1.918,-3.95,-4.582,-1.621,-1.9068
79.402,0.0,0.151,0.0,30.2000902,-97.8877746,1.782,-3.95,-4.582,-1.621,-1.8926
79.501,0.0,0.071,0.0,30.2000902,-97.8877746,1.782,-3.971,-4.326,-1.568,-1.8215
79.601,0.0,0.042,0.0,30.2000902,-97.8877746,1.782,-3.992,-4.211,-1.548,-1.7133
79.701,0.0,0.042,0.0,30.2000902,-97.8877746,1.782,-3.992,-4.211,-1.548,-1.7133
79.801,0.0,0.024,0.0,30.2000897,-97.8877705,1.711,-4.06,-4.049,-1.536,-1.5439
79.901,0.0,0.024,0.0,30.2000897,-97.8877705,1.711,-4.06,-4.049,-1.536,-1.5439
80.001,0.0,-0.058,0.0,30.2000886,-97.8877683,1.655,-4.133,-3.935,-1.481,-1.0165
80.101,0.0,-0.058,0.0,30.2000886,-97.8877683,1.655,-4.133,-3.935,-1.481,-1.0165
80.201,0.0,-0.176,0.0,30.2000886,-97.8877683,1.655,-4.164,-3.918,-1.403,-1.0165
80.3,0.0,-0.176,0.0,30.2000886,-97.8877683,1.655,-4.164,-3.918,-1.403,-1.0165
80.402,0.0,-0.4,0.0,30.2000883,-97.8877686,1.19,-4.117,-4.002,-0.833,0.6851
80.501,0.0,-0.4,0.0,30.2000883,-97.8877686,1.19,-4.042,-4.066,-0.511,0.813
80.601,0.0,-0.4,0.0,30.2000883,-97.8877686,1.19,-4.042,-4.066,-0.511,0.813
80.701,0.0,-0.4,0.0,30.2000883,-97.8877686,1.19,-3.932,-4.188,-0.107,0.7242
80.801,0.0,-0.4,0.0,30.2000909,-97.8877717,0.014,-3.694,-4.548,0.834,0.8301
80.901,0.0,-0.4,0.0,30.2000909,-97.8877717,0.014,-3.612,-4.583,0.851,0.7346
81.001,0.0,-0.4,0.0,30.2000937,-97.8877751,-0.697,-3.555,-4.611,0.875,0.7084
81.101,0.0,-0.4,0.0,30.2000937,-97.8877751,-0.697,-3.503,-4.687,0.935,0.6235
81.201,0.0,-0.4,0.0,30.2000937,-97.8877751,-0.697,-3.454,-4.794,1.049,0.29
81.301,0.0,-0.4,0.0,30.2000937,-97.8877751,-0.697,-3.454,-4.794,1.049,0.087
81.401,0.0,-0.4,0.0,30.2000953,-97.8877775,-0.954,-3.396,-4.821,1.107,-0.3384
81.501,0.0,-0.4,0.0,30.2000953,-97.8877775,-0.954,-3.346,-4.864,1.186,-0.4744
81.601,0.0,-0.4,0.0,30.2000953,-97.8877775,-0.954,-3.262,-4.902,1.265,-0.641
81.701,0.0,-0.4,0.0,30.2000964,-97.8877783,-1.113,-3.258,-4.923,1.279,-0.7038
81.801,0.0,-0.4,0.0,30.2000964,-97.8877783,-1.113,-3.262,-4.948,1.31,-0.7027
81.901,0.0,-0.4,0.0,30.2000964,-97.8877783,-1.113,-3.253,-4.973,1.314,-0.6784
82.001,0.0,-0.4,0.0,30.2000964,-97.8877783,-1.113,-3.253,-4.973,1.314,-0.6784
82.101,0.0,-0.4,0.0,30.2000964,-97.8877793,-1.166,-3.263,-5.015,1.337,-0.6363
82.201,0.0,-0.4,0.0,30.2000964,-97.8877793,-1.166,-3.284,-5.065,1.341,-0.6015
82.301,0.0,-0.4,0.0,30.2000964,-97.8877793,-1.166,-3.369,-5.18,1.323,-0.5232
82.401,0.0,-0.4,0.0,30.2000954,-97.8877813,-1.155,-3.369,-5.18,1.323,-0.4617
82.501,0.0,-0.4,0.0,30.2000954,-97.8877813,-1.155,-3.457,-5.295,1.289,-0.3438
82.601,0.0,-0.4,0.0,30.2000954,-97.8877813,-1.155,-3.47,-5.294,1.28,-0.3146
82.931,0.0,-0.4,0.0,30.2000954,-97.8877813,-1.155,-3.363,-4.975,1.247,0.0415
82.933,0.0,-0.4,0.0,30.2000954,-97.8877813,-1.155,-3.363,-4.975,1.247,0.0415
82.934,0.0,-0.4,0.0,30.2000954,-97.8877813,-1.155,-3.363,-4.975,1.247,0.0415
83.001,0.0,-0.4,0.0,30.2000954,-97.8877813,-1.155,-3.363,-4.975,1.247,0.0415
83.101,0.0,-0.4,0.0,30.2000961,-97.8877774,-1.051,-3.297,-4.802,1.217,0.1271
83.201,0.0,-0.4,0.0,30.2000961,-97.8877774,-1.051,-3.15,-4.483,1.122,0.3348
83.301,0.0,-0.4,0.0,30.2000981,-97.8877723,-0.883,-3.077,-4.347,1.07,0.3957
83.401,0.0,-0.4,0.0,30.2000981,-97.8877723,-0.883,-3.04,-4.239,1.009,0.5282
83.501,0.0,-0.4,0.0,30.2000981,-97.8877723,-0.883,-3.013,-4.143,0.948,0.5917
83.601,0.0,-0.4,0.0,30.2000981,-97.8877723,-0.883,-3.013,-4.143,0.948,0.5917
83.701,0.0,-0.4,0.0,30.2000981,-97.8877723,-0.883,-3.0,-4.057,0.888,0.6452
83.801,0.0,-0.4,0.0,30.2000987,-97.8877691,-0.68,-3.02,-3.911,0.736,0.7618
83.901,0.0,-0.4,0.0,30.2000987,-97.8877691,-0.68,-3.042,-3.85,0.647,0.8186
84.001,0.0,-0.4,0.0,30.2000982,-97.8877669,-0.397,-3.064,-3.797,0.557,0.8417
84.101,0.0,-0.4,0.0,30.2000982,-97.8877669,-0.397,-3.064,-3.797,0.557,0.8417
84.201,0.0,-0.4,0.0,30.2000982,-97.8877669,-0.397,-3.074,-3.722,0.367,0.8891
84.301,0.0,-0.4,0.0,30.2000982,-97.8877669,-0.397,-3.074,-3.722,0.367,0.8914
84.401,0.0,-0.4,0.0,30.2000982,-97.8877657,-0.067,-3.054,-3.68,0.15,0.8881
84.501,0.0,-0.4,0.0,30.2000982,-97.8877657,-0.067,-3.054,-3.68,0.15,0.8881
84.601,0.0,-0.4,0.0,30.2000982,-97.8877657,-0.067,-3.026,-3.668,-0.102,0.8697
84.701,0.0,-0.4,0.0,30.2000985,-97.8877655,0.345,-3.016,-3.671,-0.242,0.8602
84.801,0.0,-0.4,0.0,30.2000985,-97.8877655,0.345,-3.012,-3.676,-0.387,0.8373
84.901,0.0,-0.4,0.0,30.2000985,-97.8877655,0.345,-3.018,-3.686,-0.551,0.8219
85.001,0.0,-0.4,0.0,30.2000985,-97.8877655,0.345,-3.018,-3.686,-0.551,0.8219
85.101,0.0,-0.4,0.0,30.2000984,-97.8877658,0.866,-3.054,-3.723,-0.888,0.762
85.201,0.0,-0.4,0.0,30.2000984,-97.8877658,0.866,-3.054,-3.723,-0.888,0.7377
85.301,0.0,-0.4,0.0,30.2000984,-97.8877658,0.866,-3.107,-3.794,-1.213,0.6872
85.401,0.0,-0.4,0.0,30.2000978,-97.8877668,1.418,-3.107,-3.794,-1.213,0.6581
85.501,0.0,-0.024,0.0,30.2000978,-97.8877668,1.418,-3.164,-3.901,-1.504,0.5967
85.601,0.0,0.154,0.0,30.2000978,-97.8877668,1.418,-3.195,-3.975,-1.623,0.5352
85.701,0.0,0.154,0.0,30.2000978,-97.8877668,1.418,-3.195,-3.975,-1.623,0.5352
85.801,0.0,0.342,0.0,30.2000969,-97.887769,1.848,-3.271,-4.13,-1.748,0.5738
85.901,0.0,0.342,0.0,30.2000969,-97.887769,1.848,-3.271,-4.13,-1.748,0.5738
86.001,0.0,0.062,0.0,30.2000957,-97.8877714,1.756,-3.357,-4.258,-1.561,0.8211
86.101,0.0,0.062,0.0,30.2000957,-97.8877714,1.756,-3.357,-4.258,-1.561,0.8211
86.201,0.0,-0.257,0.0,30.2000957,-97.8877714,1.756,-3.394,-4.313,-1.348,0.8211
86.301,0.0,-0.257,0.0,30.2000957,-97.8877714,1.756,-3.394,-4.313,-1.348,0.8211
86.402,0.0,-0.4,0.0,30.2000939,-97.8877729,0.768,-3.644,-4.408,-0.229,1.134
86.501,0.0,-0.4,0.0,30.2000939,-97.8877729,0.768,-3.779,-4.409,0.288,0.6396
86.601,0.0,-0.4,0.0,30.2000939,-97.8877729,0.768,-3.779,-4.409,0.288,0.6396
86.701,0.0,-0.4,0.0,30.2000891,-97.8877727,-0.954,-4.183,-4.352,1.375,0.5316
86.801,0.0,-0.4,0.0,30.2000891,-97.8877727,-0.954,-4.183,-4.352,1.375,0.5316
86.901,0.0,-0.4,0.0,30.2000891,-97.8877727,-0.954,-4.183,-4.352,1.375,0.5316
87.001,0.0,-0.4,0.0,30.2000891,-97.8877727,-0.954,-4.183,-4.352,1.375,0.5316
87.101,0.0,-0.4,0.0,30.2000891,-97.8877727,-0.954,-4.183,-4.352,1.375,0.5316
87.201,0.0,-0.4,0.0,30.2000891,-97.8877727,-0.954,-4.183,-4.352,1.375,0.5316
87.301,0.0,-0.4,0.0,30.2000891,-97.8877727,-0.954,-4.183,-4.352,1.375,0.5316
87.401,0.0,-0.4,0.0,30.2000891,-97.8877727,-0.954,-4.183,-4.352,1.375,0.5316
87.501,0.0,-0.4,0.0,30.2000891,-97.8877727,-0.954,-4.183,-4.352,1.375,0.5316
87.601,0.0,-0.4,0.0,30.2000891,-97.8877727,-0.954,-4.183,-4.352,1.375,0.5316
87.701,0.0,-0.4,0.0,30.2000891,-97.8877727,-0.954,-4.183,-4.352,1.375,0.5316
88.031,0.0,-0.4,0.0,30.2000891,-97.8877727,-0.954,-4.183,-4.352,1.375,0.5316
88.032,0.0,-0.4,0.0,30.2000891,-97.8877727,-0.954,-4.183,-4.352,1.375,0.5316
88.033,0.0,-0.4,0.0,30.2000891,-97.8877727,-0.954,-4.183,-4.352,1.375,0.5316
88.101,0.0,-0.4,0.0,30.2000891,-97.8877727,-0.954,-4.183,-4.352,1.375,0.5316
88.201,0.0,-0.4,0.0,30.2000891,-97.8877727,-0.954,-4.183,-4.352,1.375,0.5316
88.301,0.0,-0.4,0.0,30.2000891,-97.8877727,-0.954,-4.183,-4.352,1.375,0.5316
88.4,0.0,-0.4,0.0,30.2000891,-97.8877727,-0.954,-4.183,-4.352,1.375,0.5316
88.501,0.0,-0.4,0.0,30.2000891,-97.8877727,-0.954,-4.183,-4.352,1.375,0.5316
88.601,0.0,-0.4,0.0,30.2000891,-97.8877727,-0.954,-4.183,-4.352,1.375,0.5316
88.701,0.0,-0.4,0.0,30.2000891,-97.8877727,-0.954,-4.183,-4.352,1.375,0.5316
88.801,0.0,-0.4,0.0,30.2000891,-97.8877727,-0.954,-4.183,-4.352,1.375,0.5316
88.901,0.0,-0.4,0.0,30.2000891,-97.8877727,-0.954,-4.183,-4.352,1.375,0.5316
89.001,0.0,-0.4,0.0,30.2000891,-97.8877727,-0.954,-4.183,-4.352,1.375,0.5316
89.101,0.0,-0.4,0.0,30.2000891,-97.8877727,-0.954,-4.183,-4.352,1.375,0.5316
89.201,0.0,-0.4,0.0,30.2000891,-97.8877727,-0.954,-4.183,-4.352,1.375,0.5316
89.301,0.0,-0.4,0.0,30.2000891,-97.8877727,-0.954,-4.183,-4.352,1.375,0.5316
89.401,0.0,-0.4,0.0,30.2000891,-97.8877727,-0.954,-4.183,-4.352,1.375,0.5316
89.501,0.0,-0.4,0.0,30.2000891,-97.8877727,-0.954,-4.183,-4.352,1.375,0.5316
89.601,0.0,-0.4,0.0,30.2000891,-97.8877727,-0.954,-4.183,-4.352,1.375,0.5316
89.701,0.0,-0.4,0.0,30.2000891,-97.8877727,-0.954,-4.183,-4.352,1.375,0.5316
89.801,0.0,-0.4,0.0,30.2000891,-97.8877727,-0.954,-4.183,-4.352,1.375,0.5316
89.901,0.0,-0.4,0.0,30.2000891,-97.8877727,-0.954,-4.183,-4.352,1.375,0.5316
90.001,0.0,-0.4,0.0,30.2000891,-97.8877727,-0.954,-4.183,-4.352,1.375,0.5316
90.101,0.0,-0.4,0.0,30.2000891,-97.8877727,-0.954,-4.183,-4.352,1.375,0.5316
90.201,0.0,-0.4,0.0,30.2000891,-97.8877727,-0.954,-4.183,-4.352,1.375,0.5316
90.301,0.0,-0.4,0.0,30.2000891,-97.8877727,-0.954,-4.183,-4.352,1.375,0.5316
90.401,0.0,-0.4,0.0,30.2000891,-97.8877727,-0.954,-4.183,-4.352,1.375,0.5316
90.501,0.0,-0.4,0.0,30.2000891,-97.8877727,-0.954,-4.183,-4.352,1.375,0.5316
90.601,0.0,-0.4,0.0,30.2000891,-97.8877727,-0.954,-4.183,-4.352,1.375,0.5316
90.701,0.0,-0.4,0.0,30.2000891,-97.8877727,-0.954,-4.183,-4.352,1.375,0.5316
90.801,0.0,-0.4,0.0,30.2000891,-97.8877727,-0.954,-4.183,-4.352,1.375,0.5316
90.901,0.0,-0.4,0.0,30.2000891,-97.8877727,-0.954,-4.183,-4.352,1.375,0.5316
91.001,0.0,-0.4,0.0,30.2000891,-97.8877727,-0.954,-4.183,-4.352,1.375,0.5316
91.101,0.0,-0.4,0.0,30.2000891,-97.8877727,-0.954,-4.183,-4.352,1.375,0.5316
91.201,0.0,-0.4,0.0,30.2000891,-97.8877727,-0.954,-4.183,-4.352,1.375,0.5316
91.301,0.0,-0.4,0.0,30.2000891,-97.8877727,-0.954,-4.183,-4.352,1.375,0.5316
91.401,0.0,-0.4,0.0,30.2000891,-97.8877727,-0.954,-4.183,-4.352,1.375,0.5316
91.501,0.0,-0.4,0.0,30.2000891,-97.8877727,-0.954,-4.183,-4.352,1.375,0.5316
91.601,0.0,-0.4,0.0,30.2000891,-97.8877727,-0.954,-4.183,-4.352,1.375,0.5316
91.701,0.0,-0.4,0.0,30.2000891,-97.8877727,-0.954,-4.183,-4.352,1.375,0.5316
91.801,0.0,-0.4,0.0,30.2000891,-97.8877727,-0.954,-4.183,-4.352,1.375,0.5316
91.901,0.0,-0.4,0.0,30.2000891,-97.8877727,-0.954,-4.183,-4.352,1.375,0.5316
92.001,0.0,-0.4,0.0,30.2000891,-97.8877727,-0.954,-4.183,-4.352,1.375,0.5316
92.101,0.0,-0.4,0.0,30.2000891,-97.8877727,-0.954,-4.183,-4.352,1.375,0.5316
92.201,0.0,-0.4,0.0,30.2000891,-97.8877727,-0.954,-4.183,-4.352,1.375,0.5316
92.301,0.0,-0.4,0.0,30.2000891,-97.8877727,-0.954,-4.183,-4.352,1.375,0.5316
92.401,0.0,-0.4,0.0,30.2000891,-97.8877727,-0.954,-4.183,-4.352,1.375,0.5316
92.501,0.0,-0.4,0.0,30.2000891,-97.8877727,-0.954,-4.183,-4.352,1.375,0.5316
92.601,0.0,-0.4,0.0,30.2000891,-97.8877727,-0.954,-4.183,-4.352,1.375,0.5316
92.701,0.0,-0.4,0.0,30.2000891,-97.8877727,-0.954,-4.183,-4.352,1.375,0.5316
92.801,0.0,-0.4,0.0,30.2000891,-97.8877727,-0.954,-4.183,-4.352,1.375,0.5316
93.13,0.0,-0.4,0.0,30.2000891,-97.8877727,-0.954,-4.183,-4.352,1.375,0.5316
93.131,0.0,-0.4,0.0,30.2000891,-97.8877727,-0.954,-4.183,-4.352,1.375,0.5316
93.132,0.0,-0.4,0.0,30.2000891,-97.8877727,-0.954,-4.183,-4.352,1.375,0.5316
93.201,0.0,-0.4,0.0,30.2000891,-97.8877727,-0.954,-4.183,-4.352,1.375,0.5316
93.301,0.0,-0.4,0.0,30.2000891,-97.8877727,-0.954,-4.183,-4.352,1.375,0.5316
93.401,0.0,-0.4,0.0,30.2000891,-97.8877727,-0.954,-4.183,-4.352,1.375,0.5316
93.501,0.0,-0.4,0.0,30.2000891,-97.8877727,-0.954,-4.183,-4.352,1.375,0.5316
93.601,0.0,-0.4,0.0,30.2000891,-97.8877727,-0.954,-4.183,-4.352,1.375,0.5316
93.701,0.0,-0.4,0.0,30.2000891,-97.8877727,-0.954,-4.183,-4.352,1.375,0.5316
93.801,0.0,-0.4,0.0,30.2000891,-97.8877727,-0.954,-4.183,-4.352,1.375,0.5316
93.901,0.0,-0.4,0.0,30.2000891,-97.8877727,-0.954,-4.183,-4.352,1.375,0.5316
94.001,0.0,-0.4,0.0,30.2000891,-97.8877727,-0.954,-4.183,-4.352,1.375,0.5316
94.101,0.0,-0.4,0.0,30.2000891,-97.8877727,-0.954,-4.183,-4.352,1.375,0.5316
94.201,0.0,-0.4,0.0,30.2000891,-97.8877727,-0.954,-4.183,-4.352,1.375,0.5316
94.301,0.0,-0.4,0.0,30.2000891,-97.8877727,-0.954,-4.183,-4.352,1.375,0.5316
94.401,0.0,-0.4,0.0,30.2000891,-97.8877727,-0.954,-4.183,-4.352,1.375,0.5316
94.501,0.0,-0.4,0.0,30.2000891,-97.8877727,-0.954,-4.183,-4.352,1.375,0.5316
94.601,0.0,-0.4,0.0,30.2000891,-97.8877727,-0.954,-4.183,-4.352,1.375,0.5316
94.701,0.0,-0.4,0.0,30.2000891,-97.8877727,-0.954,-4.183,-4.352,1.375,0.5316
94.801,0.0,-0.4,0.0,30.2000891,-97.8877727,-0.954,-4.183,-4.352,1.375,0.5316
94.901,0.0,-0.4,0.0,30.2000891,-97.8877727,-0.954,-4.183,-4.352,1.375,0.5316
95.001,0.0,-0.4,0.0,30.2000891,-97.8877727,-0.954,-4.183,-4.352,1.375,0.5316
95.101,0.0,-0.4,0.0,30.2000891,-97.8877727,-0.954,-4.183,-4.352,1.375,0.5316
95.201,0.0,-0.4,0.0,30.2000891,-97.8877727,-0.954,-4.183,-4.352,1.375,0.5316
95.301,0.0,-0.4,0.0,30.2000891,-97.8877727,-0.954,-4.183,-4.352,1.375,0.5316
95.401,0.0,-0.4,0.0,30.2000891,-97.8877727,-0.954,-4.183,-4.352,1.375,0.5316
95.501,0.0,-0.4,0.0,30.2000891,-97.8877727,-0.954,-4.183,-4.352,1.375,0.5316
95.601,0.0,-0.4,0.0,30.2000891,-97.8877727,-0.954,-4.183,-4.352,1.375,0.5316
95.701,0.0,-0.4,0.0,30.2000891,-97.8877727,-0.954,-4.183,-4.352,1.375,0.5316
95.801,0.0,-0.4,0.0,30.2000891,-97.8877727,-0.954,-4.183,-4.352,1.375,0.5316
95.901,0.0,-0.4,0.0,30.2000891,-97.8877727,-0.954,-4.183,-4.352,1.375,0.5316
96.001,0.0,-0.4,0.0,30.2000891,-97.8877727,-0.954,-4.183,-4.352,1.375,0.5316
96.101,0.0,-0.4,0.0,30.2000891,-97.8877727,-0.954,-4.183,-4.352,1.375,0.5316
96.201,0.0,-0.4,0.0,30.2000891,-97.8877727,-0.954,-4.183,-4.352,1.375,0.5316
96.301,0.0,-0.4,0.0,30.2000891,-97.8877727,-0.954,-4.183,-4.352,1.375,0.5316
96.401,0.0,-0.4,0.0,30.2000891,-97.8877727,-0.954,-4.183,-4.352,1.375,0.5316
96.501,0.0,-0.4,0.0,30.2000891,-97.8877727,-0.954,-4.183,-4.352,1.375,0.5316
96.601,0.0,-0.4,0.0,30.2000891,-97.8877727,-0.954,-4.183,-4.352,1.375,0.5316
96.701,0.0,-0.4,0.0,30.2000891,-97.8877727,-0.954,-4.183,-4.352,1.375,0.5316
96.801,0.0,-0.4,0.0,30.2000891,-97.8877727,-0.954,-4.183,-4.352,1.375,0.5316
96.901,0.0,-0.4,0.0,30.2000891,-97.8877727,-0.954,-4.183,-4.352,1.375,0.5316
97.001,0.0,-0.4,0.0,30.2000891,-97.8877727,-0.954,-4.183,-4.352,1.375,0.5316
97.101,0.0,-0.4,0.0,30.2000891,-97.8877727,-0.954,-4.183,-4.352,1.375,0.5316
97.201,0.0,-0.4,0.0,30.2000891,-97.8877727,-0.954,-4.183,-4.352,1.375,0.5316
97.301,0.0,-0.4,0.0,30.2000891,-97.8877727,-0.954,-4.183,-4.352,1.375,0.5316
97.4,0.0,-0.4,0.0,30.2000891,-97.8877727,-0.954,-4.183,-4.352,1.375,0.5316
97.501,0.0,-0.4,0.0,30.2000891,-97.8877727,-0.954,-4.183,-4.352,1.375,0.5316
97.601,0.0,-0.4,0.0,30.2000891,-97.8877727,-0.954,-4.183,-4.352,1.375,0.5316
97.701,0.0,-0.4,0.0,30.2000891,-97.8877727,-0.954,-4.183,-4.352,1.375,0.5316
97.801,0.0,-0.4,0.0,30.2000891,-97.8877727,-0.954,-4.183,-4.352,1.375,0.5316
97.901,0.0,-0.4,0.0,30.2000891,-97.8877727,-0.954,-4.183,-4.352,1.375,0.5316
98.001,0.0,-0.4,0.0,30.2000891,-97.8877727,-0.954,-4.183,-4.352,1.375,0.5316
98.101,0.0,-0.4,0.0,30.2000891,-97.8877727,-0.954,-4.183,-4.352,1.375,0.5316
98.201,0.0,-0.4,0.0,30.2000891,-97.8877727,-0.954,-4.183,-4.352,1.375,0.5316
98.3,0.0,-0.4,0.0,30.2000891,-97.8877727,-0.954,-4.183,-4.352,1.375,0.5316
98.401,0.0,-0.4,0.0,30.2000891,-97.8877727,-0.954,-4.183,-4.352,1.375,0.5316
98.501,0.0,-0.4,0.0,30.2000891,-97.8877727,-0.954,-4.183,-4.352,1.375,0.5316
98.601,0.0,-0.4,0.0,30.2000891,-97.8877727,-0.954,-4.183,-4.352,1.375,0.5316
98.701,0.0,-0.4,0.0,30.2000891,-97.8877727,-0.954,-4.183,-4.352,1.375,0.5316
98.801,0.0,-0.4,0.0,30.2000891,-97.8877727,-0.954,-4.183,-4.352,1.375,0.5316
98.901,0.0,-0.4,0.0,30.2000891,-97.8877727,-0.954,-4.183,-4.352,1.375,0.5316
99.001,0.0,-0.4,0.0,30.2000891,-97.8877727,-0.954,-4.183,-4.352,1.375,0.5316
99.101,0.0,-0.4,0.0,30.2000891,-97.8877727,-0.954,-4.183,-4.352,1.375,0.5316
99.201,0.0,-0.4,0.0,30.2000891,-97.8877727,-0.954,-4.183,-4.352,1.375,0.5316
99.301,0.0,-0.4,0.0,30.2000891,-97.8877727,-0.954,-4.183,-4.352,1.375,0.5316
99.401,0.0,-0.4,0.0,30.2000891,-97.8877727,-0.954,-4.183,-4.352,1.375,0.5316
99.5,0.0,-0.4,0.0,30.2000891,-97.8877727,-0.954,-4.183,-4.352,1.375,0.5316
99.601,0.0,-0.4,0.0,30.2000891,-97.8877727,-0.954,-4.183,-4.352,1.375,0.5316
99.701,0.0,-0.4,0.0,30.2000891,-97.8877727,-0.954,-4.183,-4.352,1.375,0.5316
99.801,0.0,-0.4,0.0,30.2000891,-97.8877727,-0.954,-4.183,-4.352,1.375,0.5316
99.901,0.0,-0.4,0.0,30.2000891,-97.8877727,-0.954,-4.183,-4.352,1.375,0.5316
100.001,0.0,-0.4,0.0,30.2000891,-97.8877727,-0.954,-4.183,-4.352,1.375,0.5316
100.1,0.0,-0.4,0.0,30.2000891,-97.8877727,-0.954,-4.183,-4.352,1.375,0.5316
100.2,0.0,-0.4,0.0,30.2000891,-97.8877727,-0.954,-4.183,-4.352,1.375,0.5316
100.301,0.0,-0.4,0.0,30.2000891,-97.8877727,-0.954,-4.183,-4.352,1.375,0.5316
100.4,0.0,-0.4,0.0,30.2000891,-97.8877727,-0.954,-4.183,-4.352,1.375,0.5316
100.501,0.0,-0.4,0.0,30.2000891,-97.8877727,-0.954,-4.183,-4.352,1.375,0.5316
100.601,0.0,-0.4,0.0,30.2000891,-97.8877727,-0.954,-4.183,-4.352,1.375,0.5316
100.701,0.0,-0.4,0.0,30.2000891,-97.8877727,-0.954,-4.183,-4.352,1.375,0.5316
100.801,0.0,-0.4,0.0,30.2000891,-97.8877727,-0.954,-4.183,-4.352,1.375,0.5316
100.901,0.0,-0.4,0.0,30.2000891,-97.8877727,-0.954,-4.183,-4.352,1.375,0.5316
101.001,0.0,-0.4,0.0,30.2000891,-97.8877727,-0.954,-4.183,-4.352,1.375,0.5316
101.101,0.0,-0.4,0.0,30.2000891,-97.8877727,-0.954,-4.183,-4.352,1.375,0.5316
101.201,0.0,-0.4,0.0,30.2000891,-97.8877727,-0.954,-4.183,-4.352,1.375,0.5316
101.301,0.0,-0.4,0.0,30.2000891,-97.8877727,-0.954,-4.183,-4.352,1.375,0.5316
101.401,0.0,-0.4,0.0,30.2000891,-97.8877727,-0.954,-4.183,-4.352,1.375,0.5316
101.501,0.0,-0.4,0.0,30.2000891,-97.8877727,-0.954,-4.183,-4.352,1.375,0.5316
101.601,0.0,-0.4,0.0,30.2000891,-97.8877727,-0.954,-4.183,-4.352,1.375,0.5316
101.701,0.0,-0.4,0.0,30.2000891,-97.8877727,-0.954,-4.183,-4.352,1.375,0.5316
101.801,0.0,-0.4,0.0,30.2000891,-97.8877727,-0.954,-4.183,-4.352,1.375,0.5316
101.901,0.0,-0.4,0.0,30.2000891,-97.8877727,-0.954,-4.183,-4.352,1.375,0.5316
102.001,0.0,-0.4,0.0,30.2000891,-97.8877727,-0.954,-4.183,-4.352,1.375,0.5316
102.101,0.0,-0.4,0.0,30.2000891,-97.8877727,-0.954,-4.183,-4.352,1.375,0.5316
102.201,0.0,-0.4,0.0,30.2000891,-97.8877727,-0.954,-4.183,-4.352,1.375,0.5316
102.301,0.0,-0.4,0.0,30.2000891,-97.8877727,-0.954,-4.183,-4.352,1.375,0.5316
102.401,0.0,-0.4,0.0,30.2000891,-97.8877727,-0.954,-4.183,-4.352,1.375,0.5316
102.501,0.0,-0.4,0.0,30.2000891,-97.8877727,-0.954,-4.183,-4.352,1.375,0.5316
102.601,0.0,-0.4,0.0,30.2000891,-97.8877727,-0.954,-4.183,-4.352,1.375,0.5316
102.701,0.0,-0.4,0.0,30.2000891,-97.8877727,-0.954,-4.183,-4.352,1.375,0.5316
102.801,0.0,-0.4,0.0,30.2000891,-97.8877727,-0.954,-4.183,-4.352,1.375,0.5316
102.901,0.0,-0.4,0.0,30.2000891,-97.8877727,-0.954,-4.183,-4.352,1.375,0.5316
103.001,0.0,-0.4,0.0,30.2000891,-97.8877727,-0.954,-4.183,-4.352,1.375,0.5316
103.33,0.0,-0.4,0.0,30.2000891,-97.8877727,-0.954,-4.183,-4.352,1.375,0.5316
103.331,0.0,-0.4,0.0,30.2000891,-97.8877727,-0.954,-4.183,-4.352,1.375,0.5316
103.332,0.0,-0.4,0.0,30.2000891,-97.8877727,-0.954,-4.183,-4.352,1.375,0.5316
103.401,0.0,-0.4,0.0,30.2000891,-97.8877727,-0.954,-4.183,-4.352,1.375,0.5316
103.501,0.0,-0.4,0.0,30.2000891,-97.8877727,-0.954,-4.183,-4.352,1.375,0.5316
103.601,0.0,-0.4,0.0,30.2000891,-97.8877727,-0.954,-4.183,-4.352,1.375,0.5316
103.701,0.0,-0.4,0.0,30.2000891,-97.8877727,-0.954,-4.183,-4.352,1.375,0.5316
103.801,0.0,-0.4,0.0,30.2000891,-97.8877727,-0.954,-4.183,-4.352,1.375,0.5316
103.901,0.0,-0.4,0.0,30.2000891,-97.8877727,-0.954,-4.183,-4.352,1.375,0.5316
104.001,0.0,-0.4,0.0,30.2000891,-97.8877727,-0.954,-4.183,-4.352,1.375,0.5316
104.1,0.0,-0.4,0.0,30.2000891,-97.8877727,-0.954,-4.183,-4.352,1.375,0.5316
104.201,0.0,-0.4,0.0,30.2000891,-97.8877727,-0.954,-4.183,-4.352,1.375,0.5316
104.301,0.0,-0.4,0.0,30.2000891,-97.8877727,-0.954,-4.183,-4.352,1.375,0.5316
104.401,0.0,-0.4,0.0,30.2000891,-97.8877727,-0.954,-4.183,-4.352,1.375,0.5316
104.501,0.0,-0.4,0.0,30.2000891,-97.8877727,-0.954,-4.183,-4.352,1.375,0.5316
104.601,0.0,-0.4,0.0,30.2000891,-97.8877727,-0.954,-4.183,-4.352,1.375,0.5316
104.701,0.0,-0.4,0.0,30.2000891,-97.8877727,-0.954,-4.183,-4.352,1.375,0.5316
104.801,0.0,-0.4,0.0,30.2000891,-97.8877727,-0.954,-4.183,-4.352,1.375,0.5316
104.901,0.0,-0.4,0.0,30.2000891,-97.8877727,-0.954,-4.183,-4.352,1.375,0.5316
105.001,0.0,-0.4,0.0,30.2000891,-97.8877727,-0.954,-4.183,-4.352,1.375,0.5316
105.101,0.0,-0.4,0.0,30.2000891,-97.8877727,-0.954,-4.183,-4.352,1.375,0.5316
105.2,0.0,-0.4,0.0,30.2000891,-97.8877727,-0.954,-4.183,-4.352,1.375,0.5316
105.301,0.0,-0.4,0.0,30.2000891,-97.8877727,-0.954,-4.183,-4.352,1.375,0.5316
105.401,0.0,-0.4,0.0,30.2000891,-97.8877727,-0.954,-4.183,-4.352,1.375,0.5316
105.501,0.0,-0.4,0.0,30.2000891,-97.8877727,-0.954,-4.183,-4.352,1.375,0.5316
105.601,0.0,-0.4,0.0,30.2000891,-97.8877727,-0.954,-4.183,-4.352,1.375,0.5316
105.701,0.0,-0.4,0.0,30.2000891,-97.8877727,-0.954,-4.183,-4.352,1.375,0.5316
105.801,0.0,-0.4,0.0,30.2000891,-97.8877727,-0.954,-4.183,-4.352,1.375,0.5316
105.901,0.0,-0.4,0.0,30.2000891,-97.8877727,-0.954,-4.183,-4.352,1.375,0.5316
106.001,0.0,-0.4,0.0,30.2000891,-97.8877727,-0.954,-4.183,-4.352,1.375,0.5316
106.101,0.0,-0.4,0.0,30.2000891,-97.8877727,-0.954,-4.183,-4.352,1.375,0.5316
106.201,0.0,-0.4,0.0,30.2000891,-97.8877727,-0.954,-4.183,-4.352,1.375,0.5316
106.301,0.0,-0.4,0.0,30.2000891,-97.8877727,-0.954,-4.183,-4.352,1.375,0.5316
106.401,0.0,-0.4,0.0,30.2000891,-97.8877727,-0.954,-4.183,-4.352,1.375,0.5316
106.501,0.0,-0.4,0.0,30.2000891,-97.8877727,-0.954,-4.183,-4.352,1.375,0.5316
106.601,0.0,-0.4,0.0,30.2000891,-97.8877727,-0.954,-4.183,-4.352,1.375,0.5316
106.701,0.0,-0.4,0.0,30.2000891,-97.8877727,-0.954,-4.183,-4.352,1.375,0.5316
106.801,0.0,-0.4,0.0,30.2000891,-97.8877727,-0.954,-4.183,-4.352,1.375,0.5316
106.901,0.0,-0.4,0.0,30.2000891,-97.8877727,-0.954,-4.183,-4.352,1.375,0.5316
107.001,0.0,-0.4,0.0,30.2000891,-97.8877727,-0.954,-4.183,-4.352,1.375,0.5316
107.101,0.0,-0.4,0.0,30.2000891,-97.8877727,-0.954,-4.183,-4.352,1.375,0.5316
107.201,0.0,-0.4,0.0,30.2000891,-97.8877727,-0.954,-4.183,-4.352,1.375,0.5316
107.301,0.0,-0.4,0.0,30.2000891,-97.8877727,-0.954,-4.183,-4.352,1.375,0.5316
107.401,0.0,-0.4,0.0,30.2000891,-97.8877727,-0.954,-4.183,-4.352,1.375,0.5316
107.501,0.0,-0.4,0.0,30.2000891,-97.8877727,-0.954,-4.183,-4.352,1.375,0.5316
107.601,0.0,-0.4,0.0,30.2000891,-97.8877727,-0.954,-4.183,-4.352,1.375,0.5316
107.701,0.0,-0.4,0.0,30.2000891,-97.8877727,-0.954,-4.183,-4.352,1.375,0.5316
107.801,0.0,-0.4,0.0,30.2000891,-97.8877727,-0.954,-4.183,-4.352,1.375,0.5316
107.901,0.0,-0.4,0.0,30.2000891,-97.8877727,-0.954,-4.183,-4.352,1.375,0.5316
108.001,0.0,-0.4,0.0,30.2000891,-97.8877727,-0.954,-4.183,-4.352,1.375,0.5316
108.101,0.0,-0.4,0.0,30.2000891,-97.8877727,-0.954,-4.183,-4.352,1.375,0.5316
108.43,0.0,-0.4,0.0,30.2000891,-97.8877727,-0.954,-4.183,-4.352,1.375,0.5316
108.431,0.0,-0.4,0.0,30.2000891,-97.8877727,-0.954,-4.183,-4.352,1.375,0.5316
108.432,0.0,-0.4,0.0,30.2000891,-97.8877727,-0.954,-4.183,-4.352,1.375,0.5316
108.501,0.0,-0.4,0.0,30.2000891,-97.8877727,-0.954,-4.183,-4.352,1.375,0.5316
108.601,0.0,-0.4,0.0,30.2000891,-97.8877727,-0.954,-4.183,-4.352,1.375,0.5316
108.701,0.0,-0.4,0.0,30.2000891,-97.8877727,-0.954,-4.183,-4.352,1.375,0.5316
108.801,0.0,-0.4,0.0,30.2000891,-97.8877727,-0.954,-4.183,-4.352,1.375,0.5316
108.901,0.0,-0.4,0.0,30.2000891,-97.8877727,-0.954,-4.183,-4.352,1.375,0.5316
109.001,0.0,-0.4,0.0,30.2000891,-97.8877727,-0.954,-4.183,-4.352,1.375,0.5316
109.101,0.0,-0.4,0.0,30.2000891,-97.8877727,-0.954,-4.183,-4.352,1.375,0.5316
109.201,0.0,-0.4,0.0,30.2000891,-97.8877727,-0.954,-4.183,-4.352,1.375,0.5316
109.301,0.0,-0.4,0.0,30.2000891,-97.8877727,-0.954,-4.183,-4.352,1.375,0.5316
109.401,0.0,-0.4,0.0,30.2000891,-97.8877727,-0.954,-4.183,-4.352,1.375,0.5316
109.501,0.0,-0.4,0.0,30.2000891,-97.8877727,-0.954,-4.183,-4.352,1.375,0.5316
109.601,0.0,-0.4,0.0,30.2000891,-97.8877727,-0.954,-4.183,-4.352,1.375,0.5316
109.701,0.0,-0.4,0.0,30.2000891,-97.8877727,-0.954,-4.183,-4.352,1.375,0.5316
109.801,0.0,-0.4,0.0,30.2000891,-97.8877727,-0.954,-4.183,-4.352,1.375,0.5316
109.901,0.0,-0.4,0.0,30.2000891,-97.8877727,-0.954,-4.183,-4.352,1.375,0.5316
110.001,0.0,-0.4,0.0,30.2000891,-97.8877727,-0.954,-4.183,-4.352,1.375,0.5316
110.101,0.0,-0.4,0.0,30.2000891,-97.8877727,-0.954,-4.183,-4.352,1.375,0.5316
110.201,0.0,-0.4,0.0,30.2000891,-97.8877727,-0.954,-4.183,-4.352,1.375,0.5316
110.301,0.0,-0.4,0.0,30.2000891,-97.8877727,-0.954,-4.183,-4.352,1.375,0.5316
110.401,0.0,-0.4,0.0,30.2000891,-97.8877727,-0.954,-4.183,-4.352,1.375,0.5316
110.501,0.0,-0.4,0.0,30.2000891,-97.8877727,-0.954,-4.183,-4.352,1.375,0.5316
110.601,0.0,-0.4,0.0,30.2000891,-97.8877727,-0.954,-4.183,-4.352,1.375,0.5316
110.701,0.0,-0.4,0.0,30.2000891,-97.8877727,-0.954,-4.183,-4.352,1.375,0.5316
110.801,0.0,-0.4,0.0,30.2000891,-97.8877727,-0.954,-4.183,-4.352,1.375,0.5316
110.901,0.0,-0.4,0.0,30.2000891,-97.8877727,-0.954,-4.183,-4.352,1.375,0.5316
111.001,0.0,-0.4,0.0,30.2000891,-97.8877727,-0.954,-4.183,-4.352,1.375,0.5316
111.101,0.0,-0.4,0.0,30.2000891,-97.8877727,-0.954,-4.183,-4.352,1.375,0.5316
111.201,0.0,-0.4,0.0,30.2000891,-97.8877727,-0.954,-4.183,-4.352,1.375,0.5316
111.301,0.0,-0.4,0.0,30.2000891,-97.8877727,-0.954,-4.183,-4.352,1.375,0.5316
111.401,0.0,-0.4,0.0,30.2000891,-97.8877727,-0.954,-4.183,-4.352,1.375,0.5316
111.501,0.0,-0.4,0.0,30.2000891,-97.8877727,-0.954,-4.183,-4.352,1.375,0.5316
111.601,0.0,-0.4,0.0,30.2000891,-97.8877727,-0.954,-4.183,-4.352,1.375,0.5316
111.701,0.0,-0.4,0.0,30.2000891,-97.8877727,-0.954,-4.183,-4.352,1.375,0.5316
111.801,0.0,-0.4,0.0,30.2000891,-97.8877727,-0.954,-4.183,-4.352,1.375,0.5316
111.9,0.0,-0.4,0.0,30.2000891,-97.8877727,-0.954,-4.183,-4.352,1.375,0.5316
112.001,0.0,-0.4,0.0,30.2000891,-97.8877727,-0.954,-4.183,-4.352,1.375,0.5316
112.101,0.0,-0.4,0.0,30.2000891,-97.8877727,-0.954,-4.183,-4.352,1.375,0.5316
112.201,0.0,-0.4,0.0,30.2000891,-97.8877727,-0.954,-4.183,-4.352,1.375,0.5316
112.301,0.0,-0.4,0.0,30.2000891,-97.8877727,-0.954,-4.183,-4.352,1.375,0.5316
112.401,0.0,-0.4,0.0,30.2000891,-97.8877727,-0.954,-4.183,-4.352,1.375,0.5316
112.501,0.0,-0.4,0.0,30.2000891,-97.8877727,-0.954,-4.183,-4.352,1.375,0.5316
112.601,0.0,-0.4,0.0,30.2000891,-97.8877727,-0.954,-4.183,-4.352,1.375,0.5316
112.701,0.0,-0.4,0.0,30.2000891,-97.8877727,-0.954,-4.183,-4.352,1.375,0.5316
112.801,0.0,-0.4,0.0,30.2000891,-97.8877727,-0.954,-4.183,-4.352,1.375,0.5316
112.901,0.0,-0.4,0.0,30.2000891,-97.8877727,-0.954,-4.183,-4.352,1.375,0.5316
113.001,0.0,-0.4,0.0,30.2000891,-97.8877727,-0.954,-4.183,-4.352,1.375,0.5316
113.101,0.0,-0.4,0.0,30.2000891,-97.8877727,-0.954,-4.183,-4.352,1.375,0.5316
113.201,0.0,-0.4,0.0,30.2000891,-97.8877727,-0.954,-4.183,-4.352,1.375,0.5316
113.53,0.0,-0.4,0.0,30.2000891,-97.8877727,-0.954,-4.183,-4.352,1.375,0.5316
113.531,0.0,-0.4,0.0,30.2000891,-97.8877727,-0.954,-4.183,-4.352,1.375,0.5316
113.532,0.0,-0.4,0.0,30.2000891,-97.8877727,-0.954,-4.183,-4.352,1.375,0.5316
113.601,0.0,-0.4,0.0,30.2000891,-97.8877727,-0.954,-4.183,-4.352,1.375,0.5316
113.701,0.0,-0.4,0.0,30.2000891,-97.8877727,-0.954,-4.183,-4.352,1.375,0.5316
113.8,0.0,-0.4,0.0,30.2000891,-97.8877727,-0.954,-4.183,-4.352,1.375,0.5316
113.901,0.0,-0.4,0.0,30.2000891,-97.8877727,-0.954,-4.183,-4.352,1.375,0.5316
114.001,0.0,-0.4,0.0,30.2000891,-97.8877727,-0.954,-4.183,-4.352,1.375,0.5316
114.101,0.0,-0.4,0.0,30.2000891,-97.8877727,-0.954,-4.183,-4.352,1.375,0.5316
114.201,0.0,-0.4,0.0,30.2000891,-97.8877727,-0.954,-4.183,-4.352,1.375,0.5316
114.301,0.0,-0.4,0.0,30.2000891,-97.8877727,-0.954,-4.183,-4.352,1.375,0.5316
114.401,0.0,-0.4,0.0,30.2000891,-97.8877727,-0.954,-4.183,-4.352,1.375,0.5316
114.5,0.0,-0.4,0.0,30.2000891,-97.8877727,-0.954,-4.183,-4.352,1.375,0.5316
114.601,0.0,-0.4,0.0,30.2000891,-97.8877727,-0.954,-4.183,-4.352,1.375,0.5316
114.701,0.0,-0.4,0.0,30.2000891,-97.8877727,-0.954,-4.183,-4.352,1.375,0.5316
114.801,0.0,-0.4,0.0,30.2000891,-97.8877727,-0.954,-4.183,-4.352,1.375,0.5316
114.901,0.0,-0.4,0.0,30.2000891,-97.8877727,-0.954,-4.183,-4.352,1.375,0.5316
115.001,0.0,-0.4,0.0,30.2000891,-97.8877727,-0.954,-4.183,-4.352,1.375,0.5316
115.101,0.0,-0.4,0.0,30.2000891,-97.8877727,-0.954,-4.183,-4.352,1.375,0.5316
115.201,0.0,-0.4,0.0,30.2000891,-97.8877727,-0.954,-4.183,-4.352,1.375,0.5316
115.301,0.0,-0.4,0.0,30.2000891,-97.8877727,-0.954,-4.183,-4.352,1.375,0.5316
115.401,0.0,-0.4,0.0,30.2000891,-97.8877727,-0.954,-4.183,-4.352,1.375,0.5316
115.501,0.0,-0.4,0.0,30.2000891,-97.8877727,-0.954,-4.183,-4.352,1.375,0.5316
115.6,0.0,-0.4,0.0,30.2000891,-97.8877727,-0.954,-4.183,-4.352,1.375,0.5316
115.701,0.0,-0.4,0.0,30.2000891,-97.8877727,-0.954,-4.183,-4.352,1.375,0.5316
115.8,0.0,-0.4,0.0,30.2000891,-97.8877727,-0.954,-4.183,-4.352,1.375,0.5316
115.901,0.0,-0.4,0.0,30.2000891,-97.8877727,-0.954,-4.183,-4.352,1.375,0.5316
116.001,0.0,-0.4,0.0,30.2000891,-97.8877727,-0.954,-4.183,-4.352,1.375,0.5316
116.101,0.0,-0.4,0.0,30.2000891,-97.8877727,-0.954,-4.183,-4.352,1.375,0.5316
116.201,0.0,-0.4,0.0,30.2000891,-97.8877727,-0.954,-4.183,-4.352,1.375,0.5316
116.301,0.0,-0.4,0.0,30.2000891,-97.8877727,-0.954,-4.183,-4.352,1.375,0.5316
116.401,0.0,-0.4,0.0,30.2000891,-97.8877727,-0.954,-4.183,-4.352,1.375,0.5316
116.501,0.0,-0.4,0.0,30.2000891,-97.8877727,-0.954,-4.183,-4.352,1.375,0.5316
116.601,0.0,-0.4,0.0,30.2000891,-97.8877727,-0.954,-4.183,-4.352,1.375,0.5316
116.701,0.0,-0.4,0.0,30.2000891,-97.8877727,-0.954,-4.183,-4.352,1.375,0.5316
116.801,0.0,-0.4,0.0,30.2000891,-97.8877727,-0.954,-4.183,-4.352,1.375,0.5316
116.901,0.0,-0.4,0.0,30.2000891,-97.8877727,-0.954,-4.183,-4.352,1.375,0.5316
117.001,0.0,-0.4,0.0,30.2000891,-97.8877727,-0.954,-4.183,-4.352,1.375,0.5316
117.101,0.0,-0.4,0.0,30.2000891,-97.8877727,-0.954,-4.183,-4.352,1.375,0.5316
117.201,0.0,-0.4,0.0,30.2000891,-97.8877727,-0.954,-4.183,-4.352,1.375,0.5316
117.301,0.0,-0.4,0.0,30.2000891,-97.8877727,-0.954,-4.183,-4.352,1.375,0.5316
117.401,0.0,-0.4,0.0,30.2000891,-97.8877727,-0.954,-4.183,-4.352,1.375,0.5316
117.501,0.0,-0.4,0.0,30.2000891,-97.8877727,-0.954,-4.183,-4.352,1.375,0.5316
117.601,0.0,-0.4,0.0,30.2000891,-97.8877727,-0.954,-4.183,-4.352,1.375,0.5316
117.701,0.0,-0.4,0.0,30.2000891,-97.8877727,-0.954,-4.183,-4.352,1.375,0.5316
117.801,0.0,-0.4,0.0,30.2000891,-97.8877727,-0.954,-4.183,-4.352,1.375,0.5316
117.901,0.0,-0.4,0.0,30.2000891,-97.8877727,-0.954,-4.183,-4.352,1.375,0.5316
118.001,0.0,-0.4,0.0,30.2000891,-97.8877727,-0.954,-4.183,-4.352,1.375,0.5316
118.101,0.0,-0.4,0.0,30.2000891,-97.8877727,-0.954,-4.183,-4.352,1.375,0.5316
118.201,0.0,-0.4,0.0,30.2000891,-97.8877727,-0.954,-4.183,-4.352,1.375,0.5316
118.301,0.0,-0.4,0.0,30.2000891,-97.8877727,-0.954,-4.183,-4.352,1.375,0.5316
118.63,0.0,-0.4,0.0,30.2000891,-97.8877727,-0.954,-4.183,-4.352,1.375,0.5316
118.631,0.0,-0.4,0.0,30.2000891,-97.8877727,-0.954,-4.183,-4.352,1.375,0.5316
118.632,0.0,-0.4,0.0,30.2000891,-97.8877727,-0.954,-4.183,-4.352,1.375,0.5316
118.701,0.0,-0.4,0.0,30.2000891,-97.8877727,-0.954,-4.183,-4.352,1.375,0.5316
118.801,0.0,-0.4,0.0,30.2000891,-97.8877727,-0.954,-4.183,-4.352,1.375,0.5316
118.901,0.0,-0.4,0.0,30.2000891,-97.8877727,-0.954,-4.183,-4.352,1.375,0.5316
119.001,0.0,-0.4,0.0,30.2000891,-97.8877727,-0.954,-4.183,-4.352,1.375,0.5316
119.101,0.0,-0.4,0.0,30.2000891,-97.8877727,-0.954,-4.183,-4.352,1.375,0.5316
119.201,0.0,-0.4,0.0,30.2000891,-97.8877727,-0.954,-4.183,-4.352,1.375,0.5316
119.301,0.0,-0.4,0.0,30.2000891,-97.8877727,-0.954,-4.183,-4.352,1.375,0.5316
119.401,0.0,-0.4,0.0,30.2000891,-97.8877727,-0.954,-4.183,-4.352,1.375,0.5316
119.501,0.0,-0.4,0.0,30.2000891,-97.8877727,-0.954,-4.183,-4.352,1.375,0.5316
119.601,0.0,-0.4,0.0,30.2000891,-97.8877727,-0.954,-4.183,-4.352,1.375,0.5316
119.701,0.0,-0.4,0.0,30.2000891,-97.8877727,-0.954,-4.183,-4.352,1.375,0.5316
119.801,0.0,-0.4,0.0,30.2000891,-97.8877727,-0.954,-4.183,-4.352,1.375,0.5316
119.901,0.0,-0.4,0.0,30.2000891,-97.8877727,-0.954,-4.183,-4.352,1.375,0.5316
120.001,0.0,-0.4,0.0,30.2000891,-97.8877727,-0.954,-4.183,-4.352,1.375,0.5316
120.101,0.0,-0.4,0.0,30.2000891,-97.8877727,-0.954,-4.183,-4.352,1.375,0.5316
120.201,0.0,-0.4,0.0,30.2000891,-97.8877727,-0.954,-4.183,-4.352,1.375,0.5316
120.301,0.0,-0.4,0.0,30.2000891,-97.8877727,-0.954,-4.183,-4.352,1.375,0.5316
120.401,0.0,-0.4,0.0,30.2000891,-97.8877727,-0.954,-4.183,-4.352,1.375,0.5316
120.5,0.0,-0.4,0.0,30.2000891,-97.8877727,-0.954,-4.183,-4.352,1.375,0.5316
120.601,0.0,-0.4,0.0,30.2000891,-97.8877727,-0.954,-4.183,-4.352,1.375,0.5316
120.7,0.0,-0.4,0.0,30.2000891,-97.8877727,-0.954,-4.183,-4.352,1.375,0.5316
120.801,0.0,-0.4,0.0,30.2000891,-97.8877727,-0.954,-4.183,-4.352,1.375,0.5316
120.901,0.0,-0.4,0.0,30.2000891,-97.8877727,-0.954,-4.183,-4.352,1.375,0.5316
121.001,0.0,-0.4,0.0,30.2000891,-97.8877727,-0.954,-4.183,-4.352,1.375,0.5316
121.101,0.0,-0.4,0.0,30.2000891,-97.8877727,-0.954,-4.183,-4.352,1.375,0.5316
121.201,0.0,-0.4,0.0,30.2000891,-97.8877727,-0.954,-4.183,-4.352,1.375,0.5316
121.301,0.0,-0.4,0.0,30.2000891,-97.8877727,-0.954,-4.183,-4.352,1.375,0.5316
121.401,0.0,-0.4,0.0,30.2000891,-97.8877727,-0.954,-4.183,-4.352,1.375,0.5316
121.501,0.0,-0.4,0.0,30.2000891,-97.8877727,-0.954,-4.183,-4.352,1.375,0.5316
121.601,0.0,-0.4,0.0,30.2000891,-97.8877727,-0.954,-4.183,-4.352,1.375,0.5316
121.701,0.0,-0.4,0.0,30.2000891,-97.8877727,-0.954,-4.183,-4.352,1.375,0.5316
121.801,0.0,-0.4,0.0,30.2000891,-97.8877727,-0.954,-4.183,-4.352,1.375,0.5316
121.901,0.0,-0.4,0.0,30.2000891,-97.8877727,-0.954,-4.183,-4.352,1.375,0.5316
122.001,0.0,-0.4,0.0,30.2000891,-97.8877727,-0.954,-4.183,-4.352,1.375,0.5316
122.101,0.0,-0.4,0.0,30.2000891,-97.8877727,-0.954,-4.183,-4.352,1.375,0.5316
122.201,0.0,-0.4,0.0,30.2000891,-97.8877727,-0.954,-4.183,-4.352,1.375,0.5316
122.301,0.0,-0.4,0.0,30.2000891,-97.8877727,-0.954,-4.183,-4.352,1.375,0.5316
122.401,0.0,-0.4,0.0,30.2000891,-97.8877727,-0.954,-4.183,-4.352,1.375,0.5316
122.501,0.0,-0.4,0.0,30.2000891,-97.8877727,-0.954,-4.183,-4.352,1.375,0.5316
122.601,0.0,-0.4,0.0,30.2000891,-97.8877727,-0.954,-4.183,-4.352,1.375,0.5316
122.701,0.0,-0.4,0.0,30.2000891,-97.8877727,-0.954,-4.183,-4.352,1.375,0.5316
122.801,0.0,-0.4,0.0,30.2000891,-97.8877727,-0.954,-4.183,-4.352,1.375,0.5316
122.901,0.0,-0.4,0.0,30.2000891,-97.8877727,-0.954,-4.183,-4.352,1.375,0.5316
123.001,0.0,-0.4,0.0,30.2000891,-97.8877727,-0.954,-4.183,-4.352,1.375,0.5316
123.101,0.0,-0.4,0.0,30.2000891,-97.8877727,-0.954,-4.183,-4.352,1.375,0.5316
123.201,0.0,-0.4,0.0,30.2000891,-97.8877727,-0.954,-4.183,-4.352,1.375,0.5316
123.301,0.0,-0.4,0.0,30.2000891,-97.8877727,-0.954,-4.183,-4.352,1.375,0.5316
123.401,0.0,-0.4,0.0,30.2000891,-97.8877727,-0.954,-4.183,-4.352,1.375,0.5316
123.501,0.0,-0.4,0.0,30.2000891,-97.8877727,-0.954,-4.183,-4.352,1.375,0.5316
123.601,0.0,-0.4,0.0,30.2000891,-97.8877727,-0.954,-4.183,-4.352,1.375,0.5316
123.701,0.0,-0.4,0.0,30.2000891,-97.8877727,-0.954,-4.183,-4.352,1.375,0.5316
123.801,0.0,-0.4,0.0,30.2000891,-97.8877727,-0.954,-4.183,-4.352,1.375,0.5316
123.901,0.0,-0.4,0.0,30.2000891,-97.8877727,-0.954,-4.183,-4.352,1.375,0.5316
124.001,0.0,-0.4,0.0,30.2000891,-97.8877727,-0.954,-4.183,-4.352,1.375,0.5316
124.101,0.0,-0.4,0.0,30.2000891,-97.8877727,-0.954,-4.183,-4.352,1.375,0.5316
124.2,0.0,-0.4,0.0,30.2000891,-97.8877727,-0.954,-4.183,-4.352,1.375,0.5316
124.301,0.0,-0.4,0.0,30.2000891,-97.8877727,-0.954,-4.183,-4.352,1.375,0.5316
124.4,0.0,-0.4,0.0,30.2000891,-97.8877727,-0.954,-4.183,-4.352,1.375,0.5316
124.501,0.0,-0.4,0.0,30.2000891,-97.8877727,-0.954,-4.183,-4.352,1.375,0.5316
124.601,0.0,-0.4,0.0,30.2000891,-97.8877727,-0.954,-4.183,-4.352,1.375,0.5316
124.701,0.0,-0.4,0.0,30.2000891,-97.8877727,-0.954,-4.183,-4.352,1.375,0.5316
124.801,0.0,-0.4,0.0,30.2000891,-97.8877727,-0.954,-4.183,-4.352,1.375,0.5316
124.901,0.0,-0.4,0.0,30.2000891,-97.8877727,-0.954,-4.183,-4.352,1.375,0.5316
125.001,0.0,-0.4,0.0,30.2000891,-97.8877727,-0.954,-4.183,-4.352,1.375,0.5316
125.101,0.0,-0.4,0.0,30.2000891,-97.8877727,-0.954,-4.183,-4.352,1.375,0.5316
125.201,0.0,-0.4,0.0,30.2000891,-97.8877727,-0.954,-4.183,-4.352,1.375,0.5316
125.3,0.0,-0.4,0.0,30.2000891,-97.8877727,-0.954,-4.183,-4.352,1.375,0.5316
125.401,0.0,-0.4,0.0,30.2000891,-97.8877727,-0.954,-4.183,-4.352,1.375,0.5316
125.501,0.0,-0.4,0.0,30.2000891,-97.8877727,-0.954,-4.183,-4.352,1.375,0.5316
