tick,t,ax,ay,az,ayaw,sp_n,sp_e,sp_d,v_n,v_e,v_d,yaw_cmd,p_n,p_e,p_d,vel_n,vel_e,vel_d,roll,pitch,yaw
0,0.0005,0.0019216537475585938,-1.0468006905739458e-08,-0.03170633316040039,0.0,-7.916823046875001,1.5219081641749785,-1.7425766468048096,3.4027099507071077e-06,-0.003843305988862617,-0.06341266632080078,-1.5699055194854736,-8.195409774780273,1.6126290559768677,-1.441596508026123,-0.29287412762641907,-0.21801859140396118,-0.4867345690727234,0.03986286371946335,0.02793889120221138,-1.5699055194854736
1,0.1007,0.006110846996307373,-1.3625621519963715e-08,-0.09335789084434509,0.0,-7.916821960882833,1.5206859952582081,-1.7612482249736787,1.0859921670027645e-05,-0.012221689167703428,-0.18671578168869019,-1.5699055194854736,-8.195409774780273,1.6126290559768677,-1.441596508026123,-0.29287412762641907,-0.21801859140396118,-0.4867345690727234,0.03986286371946335,0.02793889120221138,-1.5699055194854736
2,0.2022,0.010705053806304932,-1.902988344681944e-08,-0.16931545734405518,0.0,-7.916607921391775,1.518555710259407,-1.7951113164424897,0.0021403949105816404,-0.02130284998801192,-0.33863091468811035,-1.4706560373306274,-8.228660583496094,1.5869503021240234,-1.4889596700668335,-0.24460794031620026,-0.2309548407793045,-0.4824383556842804,0.06149620562791824,0.014090260490775108,-1.4706560373306274
3,0.3005,0.01357656717300415,-2.492354411742781e-08,-0.23653867840766907,0.0,-7.916336468309932,1.5158539996397242,-1.8424190521240236,0.0027145308184264717,-0.027017106196827838,-0.47307735681533813,-1.4706560373306274,-8.228660583496094,1.5869503021240234,-1.4889596700668335,-0.24460794031620026,-0.2309548407793045,-0.4824383556842804,0.06149620562791824,0.014090260490775108,-1.4706560373306274
4,0.4016,0.013966619968414307,-2.817282052092196e-08,-0.28262412548065186,0.0,-7.9158142440982315,1.513109925878611,-1.898943877220154,0.005222242117005121,-0.027440737611131916,-0.5652482509613037,-1.3827333450317383,-8.275314331054688,1.535678744316101,-1.5758702754974365,-0.12653900682926178,-0.231237530708313,-0.39422449469566345,0.08046229928731918,0.0240318700671196,-1.3827333450317383
5,0.5015,0.011237144470214844,-2.677901278502759e-08,-0.28836989402770996,0.0,-7.915108935676258,1.5109760381909145,-1.956617856025696,0.007053084219729309,-0.021338876876963182,-0.5767397880554199,-1.2515708208084106,-8.28276252746582,1.488088846206665,-1.6405110359191895,0.03677119314670563,-0.19232407212257385,-0.28180280327796936,0.1059199795126915,0.049870237708091736,-1.2515708208084106
6,0.6019,0.005138099193572998,-2.3129155479750807e-08,-0.253286749124527,0.0,-7.9147864408096,1.5100003335255983,-2.0072752058506014,0.0032249486665874255,-0.009757046653162923,-0.506573498249054,-1.2515708208084106,-8.28276252746582,1.488088846206665,-1.6405110359191895,0.03677119314670563,-0.19232407212257385,-0.28180280327796936,0.1059199795126915,0.049870237708091736,-1.2515708208084106
7,0.7012,-0.0014535784721374512,-1.8429805237474284e-08,-0.20130401849746704,0.0,-7.914896054727321,1.5102695925162408,-2.047536009550095,-0.0010961391772141423,0.0026925899064248015,-0.4026080369949341,-1.1842014789581299,-8.254389762878418,1.452781319618225,-1.6850377321243286,0.1613359898328781,-0.12769971787929535,-0.18172064423561096,0.06369948387145996,0.05333184450864792,-1.1842014789581299
8,0.8021,-0.00588458776473999,-1.106110403270577e-08,-0.15704673528671265,0.0,-7.915360228985277,1.5113511086671574,-2.0789453566074374,-0.004641742579554476,0.010815161509166228,-0.3140934705734253,-1.1653852462768555,-8.232978820800781,1.442214846611023,-1.7023531198501587,0.20723804831504822,-0.09817498177289963,-0.1627778708934784,0.03931570053100586,0.05202087014913559,-1.1653852462768555
9,0.9011,-0.007559478282928467,1.3215171179581375e-09,-0.1295640468597412,0.0,-7.915980241597393,1.5127300259370542,-2.1048581659793855,-0.006200126121161985,0.01378917269896785,-0.2591280937194824,-1.1482439041137695,-8.232978820800781,1.442214846611023,-1.7023531198501587,0.20723804831504822,-0.09817498177289963,-0.1627778708934784,0.018100082874298096,0.04938960075378418,-1.1482439041137695
10,1.0011,-0.007153511047363281,1.4111076751532892e-08,-0.11530333757400513,0.0,-7.916609197373719,1.5140150642413952,-2.1279188334941863,-0.0062895577632642,0.012850383043409777,-0.23060667514801025,-1.1156262159347534,-8.179951667785645,1.430302381515503,-1.7359278202056885,0.2151724398136139,-0.07819120585918427,-0.19898143410682678,-0.007590831723064184,0.0390268974006176,-1.1156262159347534
11,1.101,-0.005673825740814209,2.7224745124954097e-08,-0.10715973377227783,0.0,-7.9171245567829756,1.5150260521843528,-2.149350780248642,-0.005153594092565003,0.010109879429575187,-0.21431946754455566,-1.0993678569793701,-8.179951667785645,1.430302381515503,-1.7359278202056885,0.2151724398136139,-0.07819120585918427,-0.19898143410682678,-0.01134368684142828,0.03477492928504944,-1.0993678569793701
12,1.2021,-0.004037618637084961,4.43552039541828e-08,-0.10052096843719482,0.0,-7.91749129337214,1.5157454956113074,-2.1694549739360807,-0.0036673658916427463,0.007194434269546718,-0.20104193687438965,-1.0993678569793701,-8.179951667785645,1.430302381515503,-1.7359278202056885,0.2151724398136139,-0.07819120585918427,-0.19898143410682678,-0.01134368684142828,0.03477492928504944,-1.0993678569793701
13,1.3011,-0.0028427839279174805,5.993873486431767e-08,-0.09397745132446289,0.0,-7.9177763682537,1.5162374195185129,-2.1882504642009732,-0.002850748815600616,0.0049192390720543405,-0.18795490264892578,-1.0455580949783325,-8.106939315795898,1.4139676094055176,-1.8354544639587402,0.15259209275245667,-0.09853644669055939,-0.4376297891139984,-0.012858693487942219,0.03900616243481636,-1.0455580949783325
14,1.4011,-0.002204298973083496,6.629462490082005e-08,-0.08796393871307373,0.0,-7.917997412320277,1.5166188600503345,-2.205843251943588,-0.002210440665770427,0.003814405318216212,-0.17592787742614746,-1.0455580949783325,-8.106939315795898,1.4139676094055176,-1.8354544639587402,0.15259209275245667,-0.09853644669055939,-0.4376297891139984,-0.012858693487942219,0.03900616243481636,-1.0455580949783325
15,1.502,-0.001991569995880127,6.460022916598973e-08,-0.08339369297027588,0.0,-7.918219022524207,1.5169498327978845,-2.222521990537643,-0.0022161020392945296,0.003309727475501157,-0.16678738594055176,-0.9807523488998413,-8.079109191894531,1.3931642770767212,-1.9421031475067139,0.05871981754899025,-0.14240454137325287,-0.583150327205658,-0.0408809669315815,0.06163429468870163,-0.9807523488998413
16,1.6007,-0.002003788948059082,5.5096471385240875e-08,-0.08047771453857422,0.0,-7.9184419940265505,1.5172828350729497,-2.2386175334453577,-0.0022297150234354747,0.0033300227506525408,-0.16095542907714844,-0.9807523488998413,-8.079109191894531,1.3931642770767212,-1.9421031475067139,0.05871981754899025,-0.14240454137325287,-0.583150327205658,-0.0408809669315815,0.06163429468870163,-0.9807523488998413
17,1.7006,-0.0020827054977416992,3.831507555673852e-08,-0.07857733964920044,0.0,-7.918673750112903,1.5176289500886744,-2.2543330013751977,-0.002317560863528977,0.0034611501572461424,-0.15715467929840088,-0.9807523488998413,-8.079109191894531,1.3931642770767212,-1.9421031475067139,0.05871981754899025,-0.14240454137325287,-0.583150327205658,-0.0408809669315815,0.06163429468870163,-0.9807523488998413
18,1.8023,-0.002150416374206543,1.9777196769155125e-08,-0.07741230726242065,0.0,-7.918936263400891,1.5179696235348719,-2.269815462827682,-0.0026251328798702588,0.0034067344619754403,-0.1548246145248413,-0.9142496585845947,-8.076199531555176,1.375177025794983,-2.0035183429718018,0.003064155811443925,-0.16896727681159973,-0.6253088116645813,-0.01150615606456995,0.047051139175891876,-0.9142496585845947
19,1.901,-0.002164602279663086,3.0472673273607143e-09,-0.0768972635269165,0.0,-7.919213145978992,1.518302424014303,-2.285194915533065,-0.002768825781006812,0.0033280047943114017,-0.153794527053833,-0.8768572211265563,-8.083139419555664,1.3298146724700928,-2.1360080242156982,-0.039569538086652756,-0.22501294314861298,-0.6596224904060364,0.04796004667878151,0.02798718586564064,-0.8768572211265564
20,2.002,-0.0021275877952575684,-1.2801431914510886e-08,-0.0768204927444458,0.0,-7.919485296321125,1.5186295316179204,-2.300559014081954,-0.002721503421335871,0.0032710760361734943,-0.1536409854888916,-0.8768572211265563,-8.083139419555664,1.3298146724700928,-2.1360080242156982,-0.039569538086652756,-0.22501294314861298,-0.6596224904060364,0.04796004667878151,0.02798718586564064,-0.8768572211265564
21,2.1011,-0.0020600557327270508,-2.6409498588009228e-08,-0.07683825492858887,0.0,-7.919761718969223,1.5189350536376245,-2.3159266650676718,-0.002764226480980051,0.003055220197040605,-0.15367650985717773,-0.835373044013977,-8.08279037475586,1.283565878868103,-2.2650482654571533,0.04208951070904732,-0.18897217512130737,-0.6267266869544983,0.1243056207895279,0.033158108592033386,-0.835373044013977
22,2.202,-0.001977384090423584,-3.688959893111132e-08,-0.0767594575881958,0.0,-7.920030386337388,1.519225260045169,-2.331278556585311,-0.0026866736816534096,0.002902064075446216,-0.1535189151763916,-0.8239378333091736,-8.08279037475586,1.283565878868103,-2.2650482654571533,0.04208951070904732,-0.18897217512130737,-0.6267266869544983,0.1306745857000351,0.04509437084197998,-0.8239378333091736
23,2.3012,-0.001893460750579834,-4.726247482267354e-08,-0.07619309425354004,0.0,-7.920287652785391,1.5195031480070906,-2.346517175436019,-0.0025726644800264783,0.00277887961921535,-0.15238618850708008,-0.8239378333091736,-8.07471752166748,1.2656220197677612,-2.3226382732391357,0.08258821815252304,-0.15124091506004333,-0.5433463454246521,0.1306745857000351,0.04509437084197998,-0.8239378333091736
24,2.4022,-0.0018132925033569336,-5.576695372155882e-08,-0.07512229681015015,0.0,-7.920540967566857,1.5197626722058168,-2.361541634798049,-0.0025331478146599705,0.002595241987261506,-0.1502445936203003,-0.7975362539291382,-8.04755973815918,1.246463418006897,-2.410170555114746,0.11345406621694565,-0.04248471558094025,-0.33136528730392456,0.09624558687210083,0.09288960695266724,-0.7975362539291382
25,2.5027,-0.0017281174659729004,-6.318043688224861e-08,-0.07382547855377197,0.0,-7.920783373638093,1.5200090355469118,-2.3763067305088037,-0.002424060712363041,0.002463633410949658,-0.14765095710754395,-0.7935309410095215,-8.021355628967285,1.251674771308899,-2.453031063079834,0.09335572272539139,0.04607197269797325,-0.1360926479101181,0.06226703152060509,0.10722710937261581,-0.7935309410095215
26,2.6021,-0.0016292929649353027,-7.162689996675908e-08,-0.07262009382247925,0.0,-7.921011919142336,1.5202413086088864,-2.3908307492732996,-0.0022854550424291947,0.0023227306197463574,-0.1452401876449585,-0.7935309410095215,-8.021355628967285,1.251674771308899,-2.453031063079834,0.09335572272539139,0.04607197269797325,-0.1360926479101181,0.06226703152060509,0.10722710937261581,-0.7935309410095215
27,2.7019,-0.0015139579772949219,-7.596454310032641e-08,-0.07170867919921875,0.0,-7.921246660764624,1.5204325652983812,-2.4051724851131433,-0.002347416222890559,0.0019125668949483555,-0.1434173583984375,-0.683722972869873,-8.006084442138672,1.2726950645446777,-2.4587035179138184,0.049489282071590424,0.1173982098698616,0.03598029538989067,0.05504991114139557,0.06064501404762268,-0.683722972869873
28,2.8014,-0.001382291316986084,-7.661614631615521e-08,-0.07134890556335449,0.0,-7.9214644546342114,1.520602844486791,-2.4194422662258144,-0.0021779386958749834,0.0017027918840982887,-0.14269781112670898,-0.6636224985122681,-8.000895500183105,1.2879374027252197,-2.4529385566711426,0.03707841783761978,0.11254052817821503,0.0701562911272049,0.05301013961434364,0.046061597764492035,-0.6636224985122681
29,2.9027,-0.0012454390525817871,-7.452435113464162e-08,-0.07098281383514404,0.0,-7.921662956945364,1.5207533156469415,-2.433638828992843,-0.001985023111526218,0.0015047116015056055,-0.14196562767028809,-0.6486818194389343,-7.9963788986206055,1.3044770956039429,-2.4435062408447266,0.04207316040992737,0.09700773656368256,0.09165541082620621,0.05043071508407593,0.034154750406742096,-0.6486818194389343
30,3.0015,-0.0011247992515563965,-6.200272650858096e-08,-0.0701061487197876,0.0,-7.921844774533077,1.5208857894149268,-2.4476600587368007,-0.0018181758771260836,0.0013247376798526823,-0.1402122974395752,-0.6297242641448975,-7.99144983291626,1.3200370073318481,-2.4337921142578125,0.06401187926530838,0.11010976880788803,0.08005956560373306,0.048782311379909515,0.016627617180347443,-0.6297242641448975
31,3.1008,-0.0010246038436889648,-3.6915711376650506e-08,-0.06867337226867676,0.0,-7.922010393782078,1.521006465783263,-2.461394733190536,-0.0016561924900140778,0.0012067636833617632,-0.13734674453735352,-0.6297242641448975,-7.99144983291626,1.3200370073318481,-2.4337921142578125,0.06401187926530838,0.11010976880788803,0.08005956560373306,0.048782311379909515,0.016627617180347443,-0.6297242641448975
32,3.2031,-0.0009357929229736328,-4.979806789151553e-09,-0.06696653366088867,0.0,-7.9221633877201825,1.5211142674098366,-2.474788039922714,-0.0015299393810402613,0.0010780162657360406,-0.13393306732177734,-0.6138210296630859,-7.986207485198975,1.3345845937728882,-2.4260008335113525,0.0762869268655777,0.09369407594203949,0.05787208303809166,0.05233845114707947,0.007405606564134359,-0.6138210296630859
33,3.301,-0.0008491277694702148,3.119607328017082e-08,-0.06529152393341064,0.0,-7.922302208551249,1.5212120912088645,-2.487846344709396,-0.0013882083106684841,0.0009782379902792484,-0.1305830478668213,-0.6138210296630859,-7.986207485198975,1.3345845937728882,-2.4260008335113525,0.0762869268655777,0.09369407594203949,0.05787208303809166,0.05233845114707947,0.007405606564134359,-0.6138210296630859
34,3.402,-0.0007566213607788086,6.330058965886565e-08,-0.06384634971618652,0.0,-7.922428285672135,1.5212957786935493,-2.500615614652633,-0.0012607712088585218,0.0008368748468489086,-0.12769269943237305,-0.5859178900718689,-7.971807479858398,1.3578778505325317,-2.4223616123199463,0.1178714781999588,0.0575699582695961,-0.0046840873546898365,0.054911140352487564,0.0035623861476778984,-0.5859178900718689
35,3.5019,-0.0006628036499023438,8.229943659898709e-08,-0.062323689460754395,0.0,-7.922539953584317,1.5213672113526961,-2.513080352544784,-0.0011166791218199202,0.0007143265914690252,-0.12464737892150879,-0.568967878818512,-7.947515964508057,1.3677423000335693,-2.435364246368408,0.16924837231636047,-0.0044486927799880505,-0.09964124858379364,0.043705008924007416,0.008090618997812271,-0.568967878818512
36,3.603,-0.0005772113800048828,9.15278590696289e-08,-0.06057298183441162,0.0,-7.922637690801555,1.5214286471386012,-2.5251949489116665,-0.000977372172389386,0.0006143578590502552,-0.12114596366882324,-0.5610119104385376,-7.947515964508057,1.3677423000335693,-2.435364246368408,0.16924837231636047,-0.0044486927799880505,-0.09964124858379364,0.02475757524371147,0.02344515174627304,-0.5610119104385376
37,3.7014,-0.0005035400390625,9.227969854919138e-08,-0.05834317207336426,0.0,-7.922723099279916,1.5214820090632497,-2.5368635833263395,-0.000854084783612143,0.0005336192464863183,-0.11668634414672852,-0.5582613348960876,-7.9181013107299805,1.3614368438720703,-2.469691276550293,0.18050745129585266,-0.10098350793123245,-0.14713144302368164,0.03000243753194809,0.03927186504006386,-0.5582613348960876
38,3.801,-0.0004423856735229492,8.799393924618926e-08,-0.05582726001739502,0.0,-7.922798020199943,1.5215290734809928,-2.5480290353298187,-0.0007492092002740974,0.00047064417743109774,-0.11165452003479004,-0.5606895685195923,-7.90552282333374,1.3548109531402588,-2.491227388381958,0.16143400967121124,-0.1242436021566391,-0.16063176095485687,0.03990489989519119,0.051369696855545044,-0.5606895685195923
39,3.9015,-0.0003838539123535156,7.997894613254175e-08,-0.05336904525756836,0.0,-7.922863027995906,1.5215699114505943,-2.558702844381332,-0.000650077959620879,0.00040837969601595527,-0.10673809051513672,-0.5606895685195923,-7.90552282333374,1.3548109531402588,-2.491227388381958,0.16143400967121124,-0.1242436021566391,-0.16063176095485687,0.03990489989519119,0.051369696855545044,-0.5606895685195923
40,4.0008,-0.0003186464309692383,6.755418979764727e-08,-0.051476478576660156,0.0,-7.922916992418502,1.5216038122351743,-2.568998140096664,-0.000539644225965134,0.00033900784580080125,-0.10295295715332031,-0.5606895685195923,-7.90552282333374,1.3548109531402588,-2.491227388381958,0.16143400967121124,-0.1242436021566391,-0.16063176095485687,0.03990489989519119,0.051369696855545044,-0.5606895685195923
41,4.1024,-0.0002446174621582031,4.784029172810733e-08,-0.05022156238555908,0.0,-7.922958121849607,1.5216303052172675,-2.579042452573776,-0.0004112943110547587,0.00026492982093310146,-0.10044312477111816,-0.5720468759536743,-7.881839275360107,1.3429254293441772,-2.5347843170166016,0.13517498970031738,-0.09842196851968765,-0.14267033338546753,0.11129182577133179,0.08818908035755157,-0.5720468759536743
42,4.2017,-0.00016582012176513672,2.3475637433989505e-08,-0.049864888191223145,0.0,-7.9229859691898135,1.5216483157191143,-2.5890154302120205,-0.0002784734020619348,0.00018010501846781862,-0.09972977638244629,-0.5739514827728271,-7.868967056274414,1.343542456626892,-2.552536725997925,0.14095506072044373,-0.02325163409113884,-0.139711394906044,0.1277342438697815,0.09336736053228378,-0.5739514827728271
43,4.3016,-8.809566497802734e-05,2.424228595643285e-09,-0.05013585090637207,0.0,-7.923000601965592,1.5216581297764185,-2.599042600393295,-0.00014632775778511149,9.814057304077968e-05,-0.10027170181274414,-0.5907553434371948,-7.841076374053955,1.3660197257995605,-2.5829672813415527,0.1601012647151947,0.12619535624980927,-0.10158631950616837,0.1485295593738556,0.08934133499860764,-0.5907553434371948
44,4.4025,-2.3484230041503906e-05,-9.297314029765857e-09,-0.050916075706481934,0.0,-7.923004478336585,1.521660781966798,-2.6092258155345913,-3.8763709928929284e-05,2.6521903794319142e-05,-0.10183215141296387,-0.6004349589347839,-7.841076374053955,1.3660197257995605,-2.5829672813415527,0.1601012647151947,0.12619535624980927,-0.10158631950616837,0.14355608820915222,0.07911145687103271,-0.6004349589347839
45,4.502,2.4199485778808594e-05,-1.1719866854775773e-08,-0.05193305015563965,0.0,-7.923000534395478,1.521657976625729,-2.619612425565719,3.943941107449382e-05,-2.8053410690203922e-05,-0.1038661003112793,-0.6177880167961121,-7.812929630279541,1.4163962602615356,-2.6098625659942627,0.22328630089759827,0.25896191596984863,-0.08741480112075806,0.12067661434412003,0.06228828430175781,-0.6177880167961121
46,4.602,5.2809715270996094e-05,-9.734780981318636e-09,-0.052982449531555176,0.0,-7.922991969393334,1.5216517963843792,-2.6302089154720303,8.565002144172906e-05,-6.180241349745096e-05,-0.10596489906311035,-0.6248713731765748,-7.812929630279541,1.4163962602615356,-2.6098625659942627,0.22328630089759827,0.25896191596984863,-0.08741480112075806,0.10003619641065598,0.05867718160152435,-0.6248713731765747
47,4.7026,6.258487701416016e-05,-9.081766449980933e-09,-0.053833842277526855,0.0,-7.922981926685181,1.5216443251937453,-2.6409756839275356,0.00010042708152900446,-7.471190634022684e-05,-0.10766768455505371,-0.6394674777984619,-7.7801103591918945,1.479625940322876,-2.633603811264038,0.1998763233423233,0.25355783104896545,-0.07645636796951294,0.0476931594312191,0.06088925898075104,-0.6394674777984619
48,4.8013,6.020069122314453e-05,-1.7117351092110766e-08,-0.05454885959625244,0.0,-7.922972267556756,1.521637137274802,-2.651885455846786,9.659128425355618e-05,-7.18791894308854e-05,-0.10909771919250488,-0.6394674777984619,-7.7801103591918945,1.479625940322876,-2.633603811264038,0.1998763233423233,0.25355783104896545,-0.07645636796951294,0.0476931594312191,0.06088925898075104,-0.6394674777984619
49,4.9024,5.4836273193359375e-05,-3.2769065683169174e-08,-0.05522298812866211,0.0,-7.922963514860012,1.5216305288697776,-2.6629300534725187,8.75269674413873e-05,-6.608405024442712e-05,-0.11044597625732422,-0.6461045145988464,-7.768219470977783,1.5105494260787964,-2.645258903503418,0.17216335237026215,0.24043837189674377,-0.07330507040023804,0.02234027162194252,0.06572771072387695,-0.6461045145988464
50,5.0014,5.0067901611328125e-05,-4.907306561108271e-08,-0.05566680431365967,0.0,-7.9229556317034335,1.5216243541042302,-2.6740634143352504,7.883156578030045e-05,-6.174765547238026e-05,-0.11133360862731934,-0.6634858846664428,-7.762784957885742,1.5611099004745483,-2.66348934173584,0.03355526551604271,0.16949494183063507,-0.08208715915679932,-0.018561895936727524,0.10603991895914078,-0.6634858846664429
51,5.1015,4.315376281738281e-05,-5.9558207254895024e-08,-0.05572366714477539,0.0,-7.922948839299447,1.5216190293244436,-2.6852081477642056,6.792403986934449e-05,-5.324779786755158e-05,-0.11144733428955078,-0.6634858846664428,-7.762784957885742,1.5611099004745483,-2.66348934173584,0.03355526551604271,0.16949494183063507,-0.08208715915679932,-0.018561895936727524,0.10603991895914078,-0.6634858846664429
52,5.4323,3.528594970703125e-05,-5.912621503512128e-08,-0.05537593364715576,0.0,-7.9229432091773395,1.5216147742339912,-2.6962833344936366,5.6301221076010195e-05,-4.255090452500389e-05,-0.11075186729431152,-0.6455095410346985,-7.834640026092529,1.6072046756744385,-2.6852469444274902,-0.21484173834323883,0.06267447024583817,-0.07132956385612488,0.06214079260826111,0.04647034406661987,-0.6455095410346985
53,5.4326,2.9325485229492188e-05,-5.2035836972663674e-08,-0.05469083786010742,0.0,-7.922938530437961,1.5216112374459716,-2.707221502065658,4.678739378514675e-05,-3.536788019499595e-05,-0.10938167572021484,-0.6455095410346985,-7.834640026092529,1.6072046756744385,-2.6852469444274902,-0.21484173834323883,0.06267447024583817,-0.07132956385612488,0.06214079260826111,0.04647034406661987,-0.6455095410346985
54,5.4328,2.5272369384765625e-05,-3.8672698821073936e-08,-0.053575873374938965,0.0,-7.922934497611094,1.5216081904682142,-2.7179366767406457,4.0328268672571086e-05,-3.0469777574895645e-05,-0.10715174674987793,-0.6455095410346985,-7.834640026092529,1.6072046756744385,-2.6852469444274902,-0.21484173834323883,0.06267447024583817,-0.07132956385612488,0.06214079260826111,0.04647034406661987,-0.6455095410346985
55,5.5006,2.372264862060547e-05,-1.6545866898809436e-08,-0.052167534828186035,0.0,-7.922930641893873,1.5216054256864933,-2.728370183706283,3.855717221143133e-05,-2.764781720909865e-05,-0.10433506965637207,-0.6213868260383606,-7.860438823699951,1.6139134168624878,-2.6941072940826416,-0.21979953348636627,0.04395367205142975,-0.09634774178266525,0.06841297447681427,-0.00024989712983369827,-0.6213868260383606
56,5.6004,3.039836883544922e-05,2.698506085252461e-09,-0.05081677436828613,0.0,-7.922925698367902,1.5216018867623096,-2.73853353857994,4.9435259712291905e-05,-3.5389241836044344e-05,-0.10163354873657227,-0.6213868260383606,-7.860438823699951,1.6139134168624878,-2.6941072940826416,-0.21979953348636627,0.04395367205142975,-0.09634774178266525,0.06841297447681427,-0.00024989712983369827,-0.6213868260383606
57,5.7021,4.9591064453125e-05,1.2741429245011204e-08,-0.04981982707977295,0.0,-7.922917632664387,1.5215961148146107,-2.7484975039958948,8.065703515482748e-05,-5.771947698814494e-05,-0.0996396541595459,-0.6213868260383606,-7.860438823699951,1.6139134168624878,-2.6941072940826416,-0.21979953348636627,0.04395367205142975,-0.09634774178266525,0.06841297447681427,-0.00024989712983369827,-0.6213868260383606
58,5.8011,7.855892181396484e-05,2.2033107782704064e-08,-0.049146294593811035,0.0,-7.9229045091342085,1.5215874757670393,-2.758326762914657,0.00013123530178370352,-8.639047571267439e-05,-0.09829258918762207,-0.5824592113494873,-7.9029645919799805,1.6165809631347656,-2.721701145172119,-0.14680038392543793,-0.03628133237361908,-0.151386097073555,0.05741223320364952,-0.022065939381718636,-0.5824592113494873
59,5.9019,0.0001081228256225586,2.6576135070399687e-08,-0.048612117767333984,0.0,-7.922885855224379,1.521576537143124,-2.768049186468124,0.00018653909829138225,-0.00010938623915386572,-0.09722423553466797,-0.5306041240692139,-7.921708106994629,1.6080907583236694,-2.739072561264038,-0.11049989610910416,-0.09616133570671082,-0.14431340992450714,0.03307303413748741,-4.000496119260788e-05,-0.5306041240692139
60,6.0014,0.00013375282287597656,1.847854136372007e-08,-0.04834771156311035,0.0,-7.922862394014817,1.5215636855142542,-2.777718728780746,0.00023461209562710043,-0.0001285162886970196,-0.0966954231262207,-0.5012769103050232,-7.937506675720215,1.5929268598556519,-2.755612850189209,-0.10875224322080612,-0.16395851969718933,-0.13322781026363373,0.024171359837055206,0.01559543889015913,-0.5012769103050232
61,6.1016,0.000152587890625,1.2949384675664533e-08,-0.047947049140930176,0.0,-7.9228347105049926,1.5215508423890454,-2.7873081386089322,0.00027683509824343364,-0.00012843125208780983,-0.09589409828186035,-0.4344598650932312,-7.952524185180664,1.57170832157135,-2.7715723514556885,-0.11853183805942535,-0.1883857548236847,-0.12916162610054016,0.027631960809230804,0.03934711217880249,-0.4344598650932312
62,6.2019,0.00015652179718017578,1.3737471604713392e-08,-0.047260165214538574,0.0,-7.922804973290781,1.5215410617439675,-2.7967601716518398,0.0002973721421235932,-9.780645077778026e-05,-0.09452033042907715,-0.31784531474113464,-7.989552974700928,1.5181338787078857,-2.799459457397461,-0.18456128239631653,-0.23157040774822235,-0.08450630307197571,0.08819851279258728,0.056077778339385986,-0.31784531474113464
63,6.3009,0.00015032291412353516,1.0182104048794827e-08,-0.046312689781188965,0.0,-7.9227764139762415,1.521531667879075,-2.8060227096080776,0.00028559314539211344,-9.393864892634455e-05,-0.09262537956237793,-0.31784531474113464,-7.989552974700928,1.5181338787078857,-2.799459457397461,-0.18456128239631653,-0.23157040774822235,-0.08450630307197571,0.08819851279258728,0.056077778339385986,-0.31784531474113464
64,6.4024,0.00014400482177734375,4.916375306862619e-09,-0.04553794860839844,0.0,-7.922748687955973,1.521523872794157,-2.8151302993297573,0.0002772602026784339,-7.795084918007563e-05,-0.09107589721679688,-0.27410605549812317,-8.0077543258667,1.492781162261963,-2.809798002243042,-0.18247072398662567,-0.20411992073059082,-0.056394439190626144,0.11031713336706161,0.05588211864233017,-0.27410605549812317
65,6.5019,0.00014722347259521484,3.962447703287353e-09,-0.04529237747192383,0.0,-7.922719580282043,1.5215194305701327,-2.824188774824142,0.0002910767393088681,-4.4422240241765076e-05,-0.09058475494384766,-0.15147186815738678,-8.041028022766113,1.4575188159942627,-2.827209949493408,-0.15405277907848358,-0.06363485008478165,-0.05604308098554611,0.17555877566337585,0.02444704994559288,-0.15147186815738678
66,6.6029,0.0001653432846069336,2.2501076557546185e-09,-0.04586231708526611,0.0,-7.922686724337576,1.5215156858426422,-2.8333612382411952,0.00032855944466838964,-3.744727490604774e-05,-0.09172463417053223,-0.1134980320930481,-8.05213737487793,1.454237699508667,-2.833695411682129,-0.11069315671920776,0.05758151412010193,-0.03920281305909157,0.19463969767093658,0.009849006310105324,-0.1134980320930481
67,6.701,0.00019168853759765625,1.582399766775211e-10,-0.04699575901031494,0.0,-7.922648633290915,1.5215113439557133,-2.8427603900432583,0.00038091046661272327,-4.341886928847713e-05,-0.09399151802062988,-0.1134980320930481,-8.05213737487793,1.454237699508667,-2.833695411682129,-0.11069315671920776,0.05758151412010193,-0.03920281305909157,0.19463969767093658,0.009849006310105324,-0.1134980320930481
68,6.801,0.00021278858184814453,2.4094992667755832e-09,-0.04841923713684082,0.0,-7.922606349335908,1.5215065245810946,-2.8524442374706265,0.0004228395500795133,-4.8193746187192416e-05,-0.09683847427368164,-0.1134980320930481,-8.05213737487793,1.454237699508667,-2.833695411682129,-0.11069315671920776,0.05758151412010193,-0.03920281305909157,0.19463969767093658,0.009849006310105324,-0.1134980320930481
69,6.9023,0.00022161006927490234,7.431282700309794e-09,-0.04984021186828613,0.0,-7.9225620391659115,1.5215075491538135,-2.8624122798442837,0.00044310169996444394,1.0245727188631118e-05,-0.09968042373657227,0.0230850912630558,-8.05854606628418,1.4818291664123535,-2.8489081859588623,0.019041113555431366,0.26000335812568665,-0.07068785279989243,0.1730673462152481,-0.03277750313282013,0.0230850912630558
70,7.0032,0.00021326541900634766,1.2881643307594004e-08,-0.05091428756713867,0.0,-7.922519628184683,1.5215120872410395,-2.8725951373577114,0.00042410981228041555,4.5380872259463134e-05,-0.10182857513427734,0.10653664916753769,-8.040738105773926,1.5452749729156494,-2.866577386856079,0.1095658391714096,0.33779484033584595,-0.1159464567899704,0.051291994750499725,0.0015396494418382645,0.10653664916753769
71,7.1012,0.00018775463104248047,1.5399088226786262e-08,-0.05151951313018799,0.0,-7.922482290487071,1.5215160832897954,-2.882899039983749,0.0003733769761169128,3.9960487558460324e-05,-0.10303902626037598,0.10653664916753769,-8.040738105773926,1.5452749729156494,-2.866577386856079,0.1095658391714096,0.33779484033584595,-0.1159464567899704,0.051291994750499725,0.0015396494418382645,0.10653664916753769
72,7.2026,0.00015497207641601562,1.749251055116474e-08,-0.051749229431152344,0.0,-7.922451566573107,1.5215201692293086,-2.8932488858699794,0.00030723913964222617,4.085939513284428e-05,-0.10349845886230469,0.13210022449493408,-8.040738105773926,1.5452749729156494,-2.866577386856079,0.1095658391714096,0.33779484033584595,-0.1159464567899704,0.013384132646024227,0.024377290159463882,0.13210022449493408
73,7.3021,0.0001252889633178711,2.1410910377994696e-08,-0.051851749420166016,0.0,-7.922426998184613,1.521525097441792,-2.9036192357540127,0.0002456838849467196,4.928212483510383e-05,-0.10370349884033203,0.1977934539318085,-8.003005027770996,1.6264679431915283,-2.9021434783935547,0.12168461084365845,0.1448485404253006,-0.10495167970657349,-0.04104628041386604,0.04844680428504944,0.19779345393180847
74,7.4019,0.00010573863983154297,2.182928326988076e-08,-0.05189335346221924,0.0,-7.922406263641024,1.5215292573840236,-2.9139979064464567,0.0002073454358858899,4.1599422316419336e-05,-0.10378670692443848,0.1977934539318085,-8.003005027770996,1.6264679431915283,-2.9021434783935547,0.12168461084365845,0.1448485404253006,-0.10495167970657349,-0.04104628041386604,0.04844680428504944,0.19779345393180847
75,7.501,9.40561294555664e-05,1.886890466096247e-08,-0.051673173904418945,0.0,-7.922387819927366,1.5215329576083765,-2.9243325412273404,0.00018443713658219743,3.7002243528618125e-05,-0.10334634780883789,0.1977934539318085,-8.003005027770996,1.6264679431915283,-2.9021434783935547,0.12168461084365845,0.1448485404253006,-0.10495167970657349,-0.04104628041386604,0.04844680428504944,0.19779345393180847
76,7.6041,8.511543273925781e-05,1.7717420419671726e-08,-0.05120992660522461,0.0,-7.922371428406147,1.521537551465179,-2.9345745265483854,0.0001639152121827819,4.5938568025854136e-05,-0.10241985321044922,0.27303987741470337,-7.979974746704102,1.6402941942214966,-2.9303059577941895,0.09561145305633545,-0.007958371192216873,-0.1318962126970291,0.044421419501304626,0.04431607946753502,0.27303987741470337
77,7.7023,8.118152618408203e-05,6.801199603501118e-09,-0.05066239833831787,0.0,-7.922355986915231,1.5215425692304063,-2.9447070062160488,0.00015441490916238016,5.01776522737596e-05,-0.10132479667663574,0.3141059875488281,-7.960119247436523,1.6406333446502686,-2.9624557495117188,0.08743763715028763,-0.012027970515191555,-0.1274873912334442,0.0955943912267685,0.020051533356308937,0.3141059875488281
78,7.8012,8.213520050048828e-05,-1.2745217325971225e-08,-0.05003023147583008,0.0,-7.922340420648174,1.5215478169902004,-2.954713052511215,0.00015566267057082436,5.247759793991068e-05,-0.10006046295166016,0.3253132998943329,-7.955386161804199,1.6445491313934326,-2.9767701625823975,0.07610715180635452,0.011493545956909657,-0.10875270515680313,0.09570100903511047,0.01138274371623993,0.3253132998943329
79,7.9022,8.511543273925781e-05,-2.6156603993854333e-08,-0.04938685894012451,0.0,-7.922324288739652,1.5215532527082245,-2.9645904242992396,0.00016131908521460224,5.435718024106948e-05,-0.09877371788024902,0.3253132998943329,-7.955386161804199,1.6445491313934326,-2.9767701625823975,0.07610715180635452,0.011493545956909657,-0.10875270515680313,0.09570100903511047,0.01138274371623993,0.3253132998943329
80,8.0016,9.381771087646484e-05,-3.282051963537924e-08,-0.04902219772338867,0.0,-7.922306724108587,1.521559852275906,-2.9743948638439175,0.00017564631065566483,6.599567681446654e-05,-0.09804439544677734,0.3597607910633087,-7.946236610412598,1.6623986959457397,-3.0021142959594727,0.0911625400185585,0.07155251502990723,-0.0861637070775032,0.05855841562151909,-0.0005595972761511803,0.3597607910633087
81,8.1014,0.00010859966278076172,-3.1767729780085574e-08,-0.04886341094970703,0.0,-7.92228648973365,1.5215677469311553,-2.984167546033859,0.00020234374937398814,7.894655249225232e-05,-0.09772682189941406,0.37228795886039734,-7.946236610412598,1.6623986959457397,-3.0021142959594727,0.0911625400185585,0.07155251502990723,-0.0861637070775032,0.042333684861660004,-0.0010342299938201904,0.37228795886039734
82,8.2038,0.00012087821960449219,-1.8029103543426572e-08,-0.04868876934051514,0.0,-7.922264194238457,1.5215770942658602,-2.9939052999019617,0.0002229549519309248,9.347334704973752e-05,-0.09737753868103027,0.39713746309280396,-7.928325653076172,1.6834979057312012,-3.0282578468322754,0.1424814611673355,0.058728884905576706,-0.07314792275428772,0.023135531693696976,0.008990206755697727,0.39713746309280396
83,8.3015,0.00012612342834472656,1.78394776728652e-09,-0.04835546016693115,0.0,-7.922241037642914,1.5215870971079621,-3.003576391935348,0.00023156595542290332,0.00010002842101881509,-0.0967109203338623,0.4077412188053131,-7.916442394256592,1.6906071901321411,-3.039181709289551,0.14443175494670868,0.02757261134684086,-0.0547461062669754,0.024643292650580406,0.019726676866412163,0.4077412188053131
84,8.4013,0.00012409687042236328,1.8087972009084297e-08,-0.04780173301696777,0.0,-7.922218254424077,1.521596942222611,-3.0131367385387415,0.00022783218837209564,9.845114648789084e-05,-0.09560346603393555,0.4077412188053131,-7.916442394256592,1.6906071901321411,-3.039181709289551,0.14443175494670868,0.02757261134684086,-0.0547461062669754,0.024643292650580406,0.019726676866412163,0.4077412188053131
85,8.5032,0.00011599063873291016,2.6093212923683495e-08,-0.047005414962768555,0.0,-7.922197041191069,1.5216063311471235,-3.0225378215312952,0.00021213233008624766,9.388924512571299e-05,-0.09401082992553711,0.41645604372024536,-7.903419494628906,1.6944646835327148,-3.0462634563446045,0.14196984469890594,0.0003928533988073468,-0.03339649736881256,0.032199908047914505,0.030481742694973946,0.41645604372024536
86,8.602,0.00010597705841064453,2.0789842736235187e-08,-0.04611325263977051,0.0,-7.922177857401223,1.521615343788291,-3.0317604720592493,0.00019183789845762905,9.012641167672937e-05,-0.09222650527954102,0.43900501728057867,-7.893878936767578,1.696506381034851,-3.049928665161133,0.10532676428556442,-0.013634931296110153,-0.0008467548177577555,0.06589256972074509,0.06482036411762238,0.4390050172805786
87,8.7028,0.00010061264038085938,1.0136710137942373e-08,-0.045295000076293945,0.0,-7.922159643853215,1.5216238984834487,-3.040819472074508,0.0001821354800819551,8.554695157607804e-05,-0.09059000015258789,0.43900501728057867,-7.887512683868408,1.6966803073883057,-3.052198648452759,0.06606774032115936,-0.028476139530539513,0.02499670349061489,0.06589256972074509,0.06482036411762238,0.4390050172805786
88,8.8014,0.00010192394256591797,4.183312807271022e-09,-0.044655799865722656,0.0,-7.922141342564579,1.5216328763694869,-3.0497506320476524,0.00018301288635300968,8.977886038184584e-05,-0.08931159973144531,0.45602634549140936,-7.888278484344482,1.6961774826049805,-3.0519185066223145,-0.017503274604678154,-0.04040945693850517,0.012458444572985172,0.06743261963129044,0.05839753895998001,0.4560263454914093
89,8.9034,0.00010752677917480469,5.800725677573837e-09,-0.04406416416168213,0.0,-7.92212206694627,1.521642412137402,-3.0585634648799886,0.000192756183092371,9.535767915109334e-05,-0.08812832832336426,0.45934966206550604,-7.888278484344482,1.6961774826049805,-3.0519185066223145,-0.017503274604678154,-0.04040945693850517,0.012458444572985172,0.0567040741443634,0.04410628229379654,0.459349662065506
90,9.0016,0.00011146068572998047,1.195119381236509e-08,-0.04337143898010254,0.0,-7.922102137636554,1.5216524002302385,-3.067237752676009,0.0001992930971554221,9.988092836529656e-05,-0.08674287796020508,0.46448078751564026,-7.901294708251953,1.6941360235214233,-3.0543770790100098,-0.0330469012260437,-0.059251319617033005,-0.01603725552558899,0.031348828226327896,0.015468653291463852,0.46448078751564026
91,9.101,0.00011050701141357422,1.8437265936199765e-08,-0.04247283935546875,0.0,-7.922082379435256,1.5216623040415218,-3.075732320547103,0.00019758201297805433,9.903811283294098e-05,-0.0849456787109375,0.46448078751564026,-7.901294708251953,1.6941360235214233,-3.0543770790100098,-0.0330469012260437,-0.059251319617033005,-0.01603725552558899,0.031348828226327896,0.015468653291463852,0.46448078751564026
92,9.2032,0.00010442733764648438,1.7952862307879514e-08,-0.04136085510253906,0.0,-7.922063618018656,1.521671480751934,-3.084004491567611,0.000187614165995005,9.176710412207185e-05,-0.08272171020507812,0.4547393023967743,-7.910462379455566,1.683545470237732,-3.0659499168395996,0.005417646840214729,-0.09860815107822418,-0.05068701505661011,0.021871216595172882,0.0013175690546631813,0.4547393023967743
93,9.301,9.584426879882812e-05,4.67388705516214e-09,-0.04006838798522949,0.0,-7.922046397599421,1.5216799010913986,-3.092018169164657,0.00017220419235277235,8.420339464557431e-05,-0.08013677597045898,0.4547393023967743,-7.910462379455566,1.683545470237732,-3.0659499168395996,0.005417646840214729,-0.09860815107822418,-0.05068701505661011,0.021871216595172882,0.0013175690546631813,0.4547393023967743
94,9.4031,8.893013000488281e-05,-1.6943468850172394e-08,-0.03881216049194336,0.0,-7.922030301092358,1.5216874671466947,-3.0997806012630456,0.00016096507063610818,7.566055295977345e-05,-0.07762432098388672,0.439586877822876,-7.9125142097473145,1.6644467115402222,-3.084991216659546,0.05262170732021332,-0.11862911283969879,-0.05639167129993439,0.04074458032846451,0.009022144600749016,0.439586877822876
95,9.5012,8.90493392944336e-05,-3.859620889556936e-08,-0.03774523735046387,0.0,-7.922014120917207,1.5216949098199257,-3.1073296487331383,0.00016180175150927594,7.442673230970515e-05,-0.07549047470092773,0.4315615892410279,-7.911636829376221,1.6534655094146729,-3.094994306564331,0.05656849220395088,-0.11548135429620743,-0.07526009529829025,0.05107497051358223,0.012274851091206074,0.43156158924102783
96,9.6029,9.524822235107422e-05,-5.513703627002542e-08,-0.036864280700683594,0.0,-7.921996684645048,1.5217025822047732,-3.114702504873275,0.00017436272158825547,7.672384847533572e-05,-0.07372856140136719,0.4151061773300171,-7.911636829376221,1.6534655094146729,-3.094994306564331,0.05656849220395088,-0.11548135429620743,-0.07526009529829025,0.06695864349603653,0.017647022381424904,0.4151061773300171
97,9.7009,0.00010323524475097656,-6.023240217700732e-08,-0.0360713005065918,0.0,-7.921977786219393,1.5217108978697025,-3.1219167649745936,0.0001889842565541246,8.315664929294612e-05,-0.0721426010131836,0.4151061773300171,-7.911636829376221,1.6534655094146729,-3.094994306564331,0.05656849220395088,-0.11548135429620743,-0.07526009529829025,0.06695864349603653,0.017647022381424904,0.4151061773300171
98,9.8009,0.00010907649993896484,-5.1730914663039584e-08,-0.03527557849884033,0.0,-7.921957819443873,1.5217196862310935,-3.128971880674362,0.00019966775519895044,8.788361391011472e-05,-0.07055115699768066,0.4151061773300171,-7.911636829376221,1.6534655094146729,-3.094994306564331,0.05656849220395088,-0.11548135429620743,-0.07526009529829025,0.06695864349603653,0.017647022381424904,0.4151061773300171
99,9.9032,0.00010967254638671875,-3.699454964589677e-08,-0.03433382511138916,0.0,-7.921937601897208,1.5217281934961575,-3.13583864569664,0.00020217546664063954,8.507265063940565e-05,-0.06866765022277832,0.3986334502696991,-7.908295154571533,1.6248899698257446,-3.1239230632781982,0.04764280468225479,-0.088553786277771,-0.0499226376414299,0.07010775059461594,0.009185696952044964,0.3986334502696991
100,10.0018,0.00010347366333007812,-2.0053546379017462e-08,-0.03320932388305664,0.0,-7.921918506169118,1.5217361700333074,-3.142480510473251,0.00019095728090350728,7.976537149856026e-05,-0.06641864776611328,0.39587628841400146,-7.904793739318848,1.6153115034103394,-3.1426594257354736,0.07386081665754318,-0.05856005474925041,-0.044806234538555145,0.07242248207330704,0.0034917695447802544,0.39587628841400146
101,10.101,9.5367431640625e-05,-2.1966575225462748e-09,-0.0320814847946167,0.0,-7.921900907675748,1.5217435246857118,-3.1488968074321746,0.00017598493370557972,7.354652404336354e-05,-0.0641629695892334,0.39587628841400146,-7.904793739318848,1.6153115034103394,-3.1426594257354736,0.07386081665754318,-0.05856005474925041,-0.044806234538555145,0.07242248207330704,0.0034917695447802544,0.39587628841400146
102,10.2024,9.059906005859375e-05,1.2174780295026721e-08,-0.0310591459274292,0.0,-7.921884190206949,1.5217505142372156,-3.1551086366176606,0.0001671746879898923,6.989551503770445e-05,-0.0621182918548584,0.39587628841400146,-7.904793739318848,1.6153115034103394,-3.1426594257354736,0.07386081665754318,-0.05856005474925041,-0.044806234538555145,0.07242248207330704,0.0034917695447802544,0.39587628841400146
103,10.5331,8.96453857421875e-05,1.8529885181806094e-08,-0.03014063835144043,0.0,-7.921867622510365,1.5217573672110962,-3.161136764287949,0.00016567696584681254,6.852973880501126e-05,-0.06028127670288086,0.39199817180633545,-7.88167667388916,1.6165505647659302,-3.174926280975342,0.09366819262504578,0.022394558414816856,-0.016517572104930878,0.05962216109037399,0.013549989089369774,0.39199817180633545
104,10.5335,9.09566879272461e-05,1.65855400524606e-08,-0.029308199882507324,0.0,-7.921850812297882,1.5217643200184756,-3.1669984042644503,0.0001681021248220955,6.952807379321625e-05,-0.05861639976501465,0.39199817180633545,-7.88167667388916,1.6165505647659302,-3.174926280975342,0.09366819262504578,0.022394558414816856,-0.016517572104930878,0.05962216109037399,0.013549989089369774,0.39199817180633545
105,10.5337,9.28640365600586e-05,1.1573292546529501e-08,-0.02850031852722168,0.0,-7.921833649168122,1.521771417634529,-3.172698467969895,0.00017163129760182737,7.097616053428756e-05,-0.05700063705444336,0.39199817180633545,-7.88167667388916,1.6165505647659302,-3.174926280975342,0.09366819262504578,0.022394558414816856,-0.016517572104930878,0.05962216109037399,0.013549989089369774,0.39199817180633545
106,10.6032,9.202957153320312e-05,6.156409160240628e-09,-0.02759265899658203,0.0,-7.921816628663579,1.521778423354197,-3.1782169997692113,0.00017020504543367645,7.005719668146473e-05,-0.05518531799316406,0.3904033303260803,-7.88167667388916,1.6165505647659302,-3.174926280975342,0.09366819262504578,0.022394558414816856,-0.016517572104930878,0.05750001594424248,0.01658613421022892,0.3904033303260803
107,10.7018,8.71419906616211e-05,2.9631745945835064e-09,-0.026581883430480957,0.0,-7.921800475935368,1.5217849684617715,-3.1835333764553075,0.00016152728210757424,6.5451075743199e-05,-0.053163766860961914,0.3849482536315918,-7.868405818939209,1.623950719833374,-3.177931070327759,0.10303899645805359,0.0017473612679168582,-0.000857780163642019,0.053367551416158676,0.022731704637408257,0.3849482536315918
108,10.8012,8.094310760498047e-05,8.015264008065515e-09,-0.02552783489227295,0.0,-7.921785472633693,1.5217910489558437,-3.1886389434337623,0.0001500330167524552,6.0804940721466886e-05,-0.0510556697845459,0.3849482536315918,-7.868405818939209,1.623950719833374,-3.177931070327759,0.10303899645805359,0.0017473612679168582,-0.000857780163642019,0.053367551416158676,0.022731704637408257,0.3849482536315918
109,10.9029,7.534027099609375e-05,1.3208147464638387e-08,-0.02445220947265625,0.0,-7.921771488123683,1.5217966596370962,-3.1935293853282936,0.00013984510009717338,5.610681252478685e-05,-0.0489044189453125,0.38137102127075195,-7.863539695739746,1.628445029258728,-3.1797306537628174,0.09034678339958191,0.020588351413607597,-0.004096891265362501,0.0534437820315361,0.026032470166683197,0.38137102127075195
110,11.0024,7.092952728271484e-05,1.1566733348900016e-08,-0.023382186889648438,0.0,-7.921758257640575,1.5218017776675463,-3.1982058227062233,0.00013230483108536752,5.1180304501118427e-05,-0.046764373779296875,0.368943989276886,-7.856438636779785,1.637100338935852,-3.1828813552856445,0.06422971189022064,0.056307561695575714,-0.006599586922675371,0.062186889350414276,0.02866300754249096,0.368943989276886
111,11.1016,6.890296936035156e-05,1.1165158575465739e-08,-0.0223696231842041,0.0,-7.921745386197158,1.5218067001381472,-3.202679747343064,0.00012871443417019103,4.922470600810946e-05,-0.0447392463684082,0.3651096522808075,-7.856438636779785,1.637100338935852,-3.1828813552856445,0.06422971189022064,0.056307561695575714,-0.006599586922675371,0.06282179802656174,0.025800056755542755,0.3651096522808075
112,11.2009,6.92605972290039e-05,7.281327540908933e-09,-0.02141547203063965,0.0,-7.921732447665457,1.521811647421512,-3.206962841749192,0.00012938531700748378,4.947283364652829e-05,-0.0428309440612793,0.3651096522808075,-7.856438636779785,1.637100338935852,-3.1828813552856445,0.06422971189022064,0.056307561695575714,-0.006599586922675371,0.06282179802656174,0.025800056755542755,0.3651096522808075
113,11.3031,7.021427154541016e-05,-1.61308721935427e-09,-0.020485520362854004,0.0,-7.921719319443997,1.5218166325552658,-3.211059945821763,0.0001312822146019324,4.985133753702851e-05,-0.04097104072570801,0.3629309833049774,-7.853600978851318,1.6429572105407715,-3.183485269546509,0.07292758673429489,0.04020054638385773,0.00023264090123120695,0.06082891300320625,0.020602039992809296,0.3629309833049774
114,11.4017,-4.601637556334026e-05,-8.337022154591978e-05,0.0029283761978149414,0.026090145111083984,-7.921721845316677,1.5217977554793898,-3.2104742705822,-2.5258726800113624e-05,-0.00018877075876005194,0.005856752395629883,0.3974146544933319,-7.846986293792725,1.6575372219085693,-3.186100721359253,0.0985916405916214,0.04937149956822395,-0.023351503536105156,0.039267491549253464,0.01794949173927307,0.3713245093822479
115,11.5027,-5.645151395583525e-05,-9.152258280664682e-05,0.003644585609436035,0.03660392761230469,-7.921724742753794,1.5217764451269333,-3.2097453534603124,-2.8974371166715565e-05,-0.00021310352456380198,0.00728917121887207,0.4541527330875397,-7.8371663093566895,1.6684439182281494,-3.1921095848083496,0.08674795925617218,0.04034527763724327,-0.02905578911304474,0.0336238257586956,0.04856112599372864,0.417548805475235
116,11.602,-5.745326416217722e-05,-8.329714910360053e-05,0.0041397809982299805,0.04630470275878906,-7.921728490445355,1.5217565572785725,-3.2089173972606666,-3.7476915617731e-05,-0.0001988784836086774,0.008279561996459961,0.46385350823402405,-7.8371663093566895,1.6684439182281494,-3.1921095848083496,0.08674795925617218,0.04034527763724327,-0.02905578911304474,0.0336238257586956,0.04856112599372864,0.417548805475235
117,11.7017,-4.818595334654674e-05,-6.314526399364695e-05,0.004390597343444824,0.05442523956298828,-7.921731561067668,1.5217409707556375,-3.2080392777919777,-3.070622312437038e-05,-0.00015586522935025682,0.008781194686889648,0.5117417275905609,-7.827762126922607,1.6717299222946167,-3.202667474746704,0.051030851900577545,-0.0024518512655049562,-0.058301299810409546,0.040696099400520325,0.05875445902347565,0.45731648802757263
118,11.8012,-3.446843402343802e-05,-4.044565139338374e-05,0.004505515098571777,0.06102609634399414,-7.921733914624297,1.521730606503729,-3.2071381747722634,-2.3535566286328875e-05,-0.0001036425190847594,0.009011030197143555,0.5435080826282501,-7.825191974639893,1.6692004203796387,-3.2094383239746094,0.02670930325984955,-0.02096792496740818,-0.06874613463878632,0.039075255393981934,0.059134840965270996,0.482481986284256
119,11.9033,-2.2509066184284166e-05,-2.171455889765639e-05,0.0046002864837646484,0.06626367568969727,-7.921735714388504,1.5217246158398308,-3.2062181174755104,-1.799764207223891e-05,-5.990663898327687e-05,0.009200572967529297,0.5777760148048402,-7.825191974639893,1.6692004203796387,-3.2094383239746094,0.02670930325984955,-0.02096792496740818,-0.06874613463878632,0.034568045288324356,0.05373575538396835,0.5115123391151428
120,12.0017,-1.5438759874086827e-05,-9.32793045649305e-06,0.004731655120849609,0.07033252716064453,-7.921737157519589,1.5217213094828637,-3.2052717864513407,-1.4431310849042781e-05,-3.30635696708906e-05,0.009463310241699219,0.6860878467559814,-7.824667930603027,1.6543567180633545,-3.224508047103882,-0.0012751251924782991,-0.06195720657706261,-0.053033508360385895,0.022730158641934395,0.017592644318938255,0.6157553195953369
121,12.1009,-1.3320155630935915e-05,-2.631197276059538e-06,0.004899859428405762,0.07346487045288086,-7.921739028324999,1.5217193412153707,-3.2042918145656594,-1.8708054099291545e-05,-1.9682674929225663e-05,0.009799718856811523,0.6892201900482178,-7.824667930603027,1.6543567180633545,-3.224508047103882,-0.0012751251924782991,-0.06195720657706261,-0.053033508360385895,0.022730158641934395,0.017592644318938255,0.6157553195953369
122,12.2031,-1.4131653188087512e-05,3.6273507930673077e-07,0.005083441734313965,0.07587242126464844,-7.92174117329803,1.5217174993416944,-3.2032751262187964,-2.1449730309764707e-05,-1.8418736761866592e-05,0.01016688346862793,0.8110543489456177,-7.822772026062012,1.6320931911468506,-3.2386934757232666,0.02521318756043911,-0.07785837352275848,-0.044510822743177414,0.04024587199091911,-1.802109181880951e-06,0.7351819276809692
123,12.301,-1.5646814063075e-05,1.753464403009275e-06,0.005263209342956543,0.07772445678710938,-7.921743729591254,1.52171566052086,-3.202222484350205,-2.5562932241520586e-05,-1.8388208345667508e-05,0.010526418685913086,0.8129063844680786,-7.822772026062012,1.6320931911468506,-3.2386934757232666,0.02521318756043911,-0.07785837352275848,-0.044510822743177414,0.04024587199091911,-1.802109181880951e-06,0.7351819276809692
124,12.4027,-1.6483503713971004e-05,2.9929271931905532e-06,0.005432724952697754,0.07915925979614258,-7.921746502273453,1.5217137793579911,-3.2011359393596654,-2.772682198793518e-05,-1.881162868914586e-05,0.010865449905395508,0.8548985719680786,-7.818683624267578,1.6196447610855103,-3.2450168132781982,0.023351676762104034,-0.08305351436138153,-0.04250612482428551,0.05237904563546181,0.002299017272889614,0.775739312171936
125,12.5023,-1.63348377100192e-05,4.733880814455915e-06,0.005594015121459961,0.08028221130371094,-7.921749186878088,1.5217116907316544,-3.2000171363353735,-2.6846046354266867e-05,-2.0886263367512894e-05,0.011188030242919922,1.023540198802948,-7.811214923858643,1.5964611768722534,-3.2533576488494873,-0.03421016409993172,-0.054788198322057724,-0.018974538892507553,0.10551370680332184,0.030494287610054016,0.9432579874992371
126,12.6033,-1.539609547762666e-05,7.104537871782668e-06,0.005751490592956543,0.08117389678955078,-7.921752145043176,1.5217100324711543,-3.1988668382167824,-2.958165087846332e-05,-1.6582605000899928e-05,0.011502981185913086,1.0244318842887878,-7.81389856338501,1.5878472328186035,-3.254192590713501,-0.07870220392942429,-0.027696238830685616,0.004911079071462154,0.10551370680332184,0.030494287610054016,0.9432579874992371
127,12.7013,-1.4074206774239428e-05,9.950170351658016e-06,0.005908012390136719,0.0818939208984375,-7.921755408671706,1.5217089223827474,-3.197685235738755,-3.2636285301237785e-05,-1.1100884070219623e-05,0.011816024780273438,1.0251519083976746,-7.81389856338501,1.5878472328186035,-3.254192590713501,-0.07870220392942429,-0.027696238830685616,0.004911079071462154,0.10551370680332184,0.030494287610054016,0.9432579874992371
128,12.8011,-1.2741767932311632e-05,1.302782038692385e-05,0.006064057350158691,0.08248567581176758,-7.921759014087265,1.5217083894204506,-3.1964724242687232,-3.6054155590219444e-05,-5.32962296748869e-06,0.012128114700317383,1.0257436633110046,-7.81389856338501,1.5878472328186035,-3.254192590713501,-0.07870220392942429,-0.027696238830685616,0.004911079071462154,0.10551370680332184,0.030494287610054016,0.9432579874992371
129,12.9037,-1.1480872672109399e-05,1.613613130757585e-05,0.006219148635864258,0.08297967910766602,-7.921762925698083,1.5217077675622301,-3.1952285945415504,-3.91161081770086e-05,-6.218582204862519e-06,0.012438297271728516,1.1930310726165771,-7.838433742523193,1.5733351707458496,-3.248152017593384,-0.2025507688522339,-0.04886201024055481,0.04673063009977341,0.09819871932268143,0.04301457479596138,1.1100513935089111
130,13.0018,-1.0311624464520719e-05,1.91564886335982e-05,0.006372332572937012,0.08340072631835938,-7.921767232783378,1.5217071502758341,-3.193954128026963,-4.307085295185946e-05,-6.17286395972049e-06,0.012744665145874023,1.3027430772781372,-7.882894515991211,1.5542584657669067,-3.235743761062622,-0.2683151364326477,-0.08684484660625458,0.06225702911615372,0.0385625921189785,0.024198297411203384,1.2193423509597778
131,13.101,-9.308359040005598e-06,2.2043066564947367e-05,0.006523489952087402,0.08376407623291016,-7.921772012817292,1.5217069201257845,-3.1926494300365453,-4.78003391398025e-05,-2.3015004969112753e-06,0.013046979904174805,1.303106427192688,-7.882894515991211,1.5542584657669067,-3.235743761062622,-0.2683151364326477,-0.08684484660625458,0.06225702911615372,0.0385625921189785,0.024198297411203384,1.2193423509597778
132,13.2011,-8.361805157619528e-06,2.4771741664153524e-05,0.006672263145446777,0.08408260345458984,-7.921777240054419,1.521707055591063,-3.191314977407456,-5.227237126921507e-05,1.3546527863432986e-06,0.013344526290893555,1.3034249544143677,-7.882894515991211,1.5542584657669067,-3.235743761062622,-0.2683151364326477,-0.08684484660625458,0.06225702911615372,0.0385625921189785,0.024198297411203384,1.2193423509597778
133,13.3023,-7.35970024834387e-06,2.7332143872627057e-05,0.00681912899017334,0.08436393737792969,-7.921782891472673,1.5217073871370976,-3.189951151609421,-5.651418254187968e-05,3.3154603452511337e-06,0.01363825798034668,1.3335310220718384,-7.882894515991211,1.5542584657669067,-3.235743761062622,-0.2683151364326477,-0.08684484660625458,0.06225702911615372,0.01703411154448986,0.013080248609185219,1.2491670846939087
134,13.4015,-6.422882051992929e-06,2.976129690068774e-05,0.006964325904846191,0.08461618423461914,-7.921788959375087,1.5217078971258902,-3.188558286428452,-6.067902414686087e-05,5.099887924598874e-06,0.013928651809692383,1.3590092658996582,-7.906935214996338,1.5414711236953735,-3.2293355464935303,-0.2619960904121399,-0.10154867172241211,0.06949348002672195,-0.0010517006739974022,0.00041888654232025146,1.274393081665039
135,13.5011,-5.437703293864615e-06,3.204829408787191e-05,0.007107734680175781,0.08484220504760742,-7.921795407180589,1.5217087291565699,-3.187136739492417,-6.447805501896844e-05,8.320306796639571e-06,0.014215469360351562,1.3592352867126465,-7.906935214996338,1.5414711236953735,-3.2293355464935303,-0.2619960904121399,-0.10154867172241211,0.06949348002672195,-0.0010517006739974022,0.00041888654232025146,1.274393081665039
136,13.6031,-4.463728146220092e-06,3.42227504006587e-05,0.007249236106872559,0.08504724502563477,-7.9218022662104595,1.5217095028294965,-3.1856868922710424,-6.859029870230114e-05,7.736729265372774e-06,0.014498472213745117,1.4138226509094238,-7.944362163543701,1.5128709077835083,-3.219431161880493,-0.1646714210510254,-0.11604461818933487,0.06073128432035446,-0.020462552085518837,-0.03547675162553787,1.328775405883789
137,13.7023,-3.4519571272539906e-06,3.625958561315201e-05,0.007389068603515625,0.08523368835449219,-7.921809505848287,1.5217103118946362,-3.184209078550339,-7.239637827510598e-05,8.090651397221575e-06,0.01477813720703125,1.4498217105865479,-7.958188056945801,1.4915276765823364,-3.2114062309265137,-0.042596589773893356,-0.06638782471418381,0.04878852143883705,0.0007300139986909926,-0.04327771067619324,1.3645880222320557
138,13.8028,-2.5490953703410923e-06,3.830252171610482e-05,0.0075272321701049805,0.08538627624511719,-7.921817147929602,1.5217110479893734,-3.182703632116318,-7.642081314584753e-05,7.360947371538486e-06,0.015054464340209961,1.4937039613723755,-7.9488139152526855,1.487154245376587,-3.199871778488159,0.022941622883081436,0.004284119699150324,0.03792796656489372,0.03935955837368965,-0.015132948756217957,1.4083176851272583
139,13.9028,-1.8897881091106683e-06,4.3736254156101495e-05,0.0076639652252197266,0.08493280410766602,-7.921825868496774,1.52171182834651,-3.181170839071274,-8.72056717233678e-05,7.803571367904342e-06,0.015327930450439453,1.523300290107727,-7.946379661560059,1.4906667470932007,-3.1949594020843506,0.0002788401616271585,0.028476566076278687,0.03099760226905346,0.07369629293680191,0.003700731322169304,1.438367486000061
140,14.0012,-2.278309693792835e-06,5.934504224569537e-05,0.007800936698913574,0.08245372772216797,-7.921837693748035,1.521712943883144,-3.1796106517314913,-0.00011825251261023398,1.1155366340163189e-05,0.015601873397827148,1.520821213722229,-7.946379661560059,1.4906667470932007,-3.1949594020843506,0.0002788401616271585,0.028476566076278687,0.03099760226905346,0.07369629293680191,0.003700731322169304,1.438367486000061
141,14.1016,-1.6093708836706355e-06,8.333912410307676e-05,0.007933616638183594,0.07738208770751953,-7.921854308440187,1.5217143120907106,-3.1780239284038547,-0.00016614692151568637,1.3682075664799259e-05,0.015867233276367188,1.5467058420181274,-7.947671890258789,1.4943255186080933,-3.18996000289917,-0.038449399173259735,0.018030477687716484,0.03084350749850273,0.09618113189935684,0.01460678968578577,1.469323754310608
142,14.2026,1.7298218153882772e-05,0.00011032977636205032,0.008028984069824219,0.06998157501220703,-7.921875910433039,1.5217199891868842,-3.17641813158989,-0.00021601992851880855,5.677096173508317e-05,0.016057968139648438,1.539305329322815,-7.95615816116333,1.497314214706421,-3.1845271587371826,-0.116529181599617,0.01654127612709999,0.030464081093668938,0.09618113189935684,0.01460678968578577,1.469323754310608
143,14.3019,8.801749936537817e-05,0.00013637510710395873,0.008013725280761719,0.06061601638793945,-7.921902166399152,1.5217390793478265,-3.1748153865337376,-0.00026255966112220656,0.00019090160942222118,0.016027450561523438,1.5758826732635498,-7.991544723510742,1.5000429153442383,-3.176466703414917,-0.22124476730823517,-0.007910880260169506,0.02078760229051113,0.0712619498372078,-0.002360336482524872,1.5152666568756104
144,14.4027,0.00023883520043455064,0.00015414114750456065,0.007802605628967285,0.050192832946777344,-7.921931554230107,1.5217877458172335,-3.173254865407944,-0.0002938783095577496,0.0004866646940697654,0.01560521125793457,1.5911179780960083,-8.014119148254395,1.5010093450546265,-3.174179792404175,-0.23925165832042694,0.006849790923297405,0.024005359038710594,0.02435264363884926,-0.025379540398716927,1.540925145149231
145,14.5015,0.0004959013313055038,0.0001545531558804214,0.0073528289794921875,0.040472984313964844,-7.921960842152684,1.5218874173273376,-3.1717842996120456,-0.000292879225772012,0.000996715101041347,0.014705657958984375,1.5949488878250122,-8.034850120544434,1.503864049911499,-3.1731960773468018,-0.22167572379112244,0.02696075290441513,0.026659643277525902,-0.022524848580360413,-0.05024750530719757,1.5544759035110474
146,14.6009,0.0008785362006165087,0.0001387553638778627,0.00667119026184082,0.03231668472290039,-7.921985722040473,1.522063554056771,-3.1704500615596776,-0.0002487988778893997,0.0017613672943356392,0.01334238052368164,1.5867925882339478,-8.034850120544434,1.503864049911499,-3.1731960773468018,-0.22167572379112244,0.02696075290441513,0.026659643277525902,-0.022524848580360413,-0.05024750530719757,1.5544759035110474
147,14.7019,0.001401328481733799,0.00011401413939893246,0.005815267562866211,0.025695323944091797,-7.922003561546117,1.5223441793969428,-3.1692870080471045,-0.00017839505643954783,0.002806253401716043,0.011630535125732422,1.5787941217422485,-8.05183219909668,1.5095980167388916,-3.172447919845581,-0.1567622423171997,0.06282765418291092,0.034740135073661804,-0.04341941326856613,-0.057049818336963654,1.5530987977981567
148,14.8015,0.002122235717251897,8.80825100466609e-05,0.004890084266662598,0.020445823669433594,-7.922006588133023,1.5227689811842482,-3.168308991193772,-3.0265869056549945e-05,0.004248017873054846,0.009780168533325195,1.5568859577178955,-8.068382263183594,1.5311121940612793,-3.17720627784729,-0.030409203842282295,0.13574270904064178,0.040213488042354584,-0.03246656805276871,-0.04005890339612961,1.536440134048462
149,14.9026,0.023579301312565804,-9.816326200962067e-05,0.00032651424407958984,0.005438327789306641,-7.9218249799332705,1.5274813841719366,-3.168243688344956,0.0018160819975189585,0.04712402987688331,0.0006530284881591797,1.5418784618377686,-8.068382263183594,1.5311121940612793,-3.17720627784729,-0.030409203842282295,0.13574270904064178,0.040213488042354584,-0.03246656805276871,-0.04005890339612961,1.536440134048462
150,15.0016,0.029196731746196747,-0.00015829689800739288,-0.00015974044799804688,0.004797935485839844,-7.921334241770317,1.5333001593143625,-3.1682756364345557,0.004907381629530998,0.058187751424258596,-0.00031948089599609375,1.4968780279159546,-8.06626033782959,1.5633466243743896,-3.1833343505859375,0.058860935270786285,0.1572755128145218,0.052876975387334824,-0.0001889727427624166,0.0032226191833615303,1.4920800924301147
151,15.1011,0.03544987738132477,-0.00023135170340538025,-0.0006486177444458008,0.004271984100341797,-7.9206067091292,1.5403528601767678,-3.1684053599834447,0.007275326411176774,0.07052700862405376,-0.0012972354888916016,1.4788013696670532,-8.06626033782959,1.5633466243743896,-3.1833343505859375,0.058860935270786285,0.1572755128145218,0.052876975387334824,0.00645723519846797,0.01628802716732025,1.4745293855667114
152,15.2038,0.042352110147476196,-0.00031766854226589203,-0.0011461973190307617,0.0038323402404785156,-7.919585530571624,1.548761741210735,-3.168634599447251,0.010211785575768849,0.08408881033967198,-0.0022923946380615234,1.4612804651260376,-8.060291290283203,1.5794804096221924,-3.184783697128296,0.07887784391641617,0.13099540770053864,0.05779236555099487,0.010435299947857857,0.026261288672685623,1.457448124885559
153,15.301,0.0499180369079113,-0.00041768327355384827,-0.0016580820083618164,0.0034575462341308594,-7.918373327622107,1.558671834990889,-3.1689662158489234,0.01212202949516611,0.09910093780154015,-0.003316164016723633,1.46090567111969,-8.060291290283203,1.5794804096221924,-3.184783697128296,0.07887784391641617,0.13099540770053864,0.05779236555099487,0.010435299947857857,0.026261288672685623,1.457448124885559
154,15.6379,0.058157145977020264,-0.0005317460745573044,-0.0021834373474121094,0.0031337738037109375,-7.9156248677524434,1.5699743755737872,-3.1694029033184057,0.02748459869663621,0.11302540582898107,-0.004366874694824219,1.3445311784744263,-7.978827953338623,1.6104040145874023,-3.1883935928344727,0.19052408635616302,-0.01722821034491062,0.010941295884549618,0.019568894058465958,-0.004037423059344292,1.3413974046707153
155,15.6383,0.06704696267843246,-0.0006599873304367065,-0.002725362777709961,0.0028510093688964844,-7.912447136478151,1.5830024704251289,-3.1699479758739475,0.03177731274293065,0.13028094851341768,-0.005450725555419922,1.3442484140396118,-7.978827953338623,1.6104040145874023,-3.1883935928344727,0.19052408635616302,-0.01722821034491062,0.010941295884549618,0.019568894058465958,-0.004037423059344292,1.3413974046707153
156,15.6386,0.07654742896556854,-0.0008022189140319824,-0.0032885074615478516,0.0025987625122070312,-7.908809637639322,1.5978744137969452,-3.170605677366257,0.03637498838828742,0.14871943371816318,-0.006577014923095703,1.3439961671829224,-7.978827953338623,1.6104040145874023,-3.1883935928344727,0.19052408635616302,-0.01722821034491062,0.010941295884549618,0.019568894058465958,-0.004037423059344292,1.3413974046707153
157,15.7012,0.08662562072277069,-0.0009581148624420166,-0.0038689374923706055,0.0023741722106933594,-7.904683435898434,1.6147021024433783,-3.171379464864731,0.04126201740887888,0.1682768864643305,-0.007737874984741211,1.3437715768814087,-7.978827953338623,1.6104040145874023,-3.1883935928344727,0.19052408635616302,-0.01722821034491062,0.010941295884549618,0.019568894058465958,-0.004037423059344292,1.3413974046707153
158,15.8023,0.09725033491849899,-0.0011271685361862183,-0.004475116729736328,0.0021715164184570312,-7.8999655656181575,1.6335726516151765,-3.1722744882106784,0.0471787028027639,0.18870549171798168,-0.008950233459472656,1.3395674228668213,-7.958492279052734,1.6132657527923584,-3.1916284561157227,0.18549701571464539,0.0033711791038513184,0.01244429312646389,0.056678857654333115,-0.023628024384379387,1.3373959064483643
159,15.9017,0.10843206942081451,-0.0013094507157802582,-0.005108356475830078,0.0019888877868652344,-7.894694989266877,1.6546104784641553,-3.173296159505844,0.05270576351281048,0.21037826848978788,-0.010216712951660156,1.3393847942352295,-7.958492279052734,1.6132657527923584,-3.1916284561157227,0.18549701571464539,0.0033711791038513184,0.01244429312646389,0.056678857654333115,-0.023628024384379387,1.3373959064483643
160,16.0015,0.12018294632434845,-0.0015049353241920471,-0.005756020545959473,0.0018215179443359375,-7.889330319844825,1.678042690026305,-3.174447363615036,0.05364669422052564,0.2343221156214972,-0.011512041091918945,1.3600738048553467,-7.926330089569092,1.6316214799880981,-3.1979589462280273,0.10893484950065613,0.08250677585601807,-0.017329217866063118,0.08999427407979965,-0.032914772629737854,1.3582522869110107
161,16.1012,0.13246023654937744,-0.0017127878963947296,-0.006433725357055664,0.0016698837280273438,-7.883407042929951,1.7038663363016382,-3.1757341086864472,0.059232769148736826,0.2582364627533314,-0.012867450714111328,1.359922170639038,-7.926330089569092,1.6316214799880981,-3.1979589462280273,0.10893484950065613,0.08250677585601807,-0.017329217866063118,0.08999427407979965,-0.032914772629737854,1.3582522869110107
162,16.2013,0.14523421227931976,-0.001932632178068161,-0.007127523422241211,0.0015306472778320312,-7.876901859248826,1.7321780131261575,-3.1771596133708955,0.0650518368112556,0.28311676824519355,-0.014255046844482422,1.3597829341888428,-7.926330089569092,1.6316214799880981,-3.1979589462280273,0.10893484950065613,0.08250677585601807,-0.017329217866063118,0.08999427407979965,-0.032914772629737854,1.3582522869110107
163,16.3028,0.1584356129169464,-0.002163045108318329,-0.007829666137695312,0.00140380859375,-7.870546757552209,1.7632243264436194,-3.1787255465984345,0.06355101696617327,0.31046313317461954,-0.015659332275390625,1.3839435577392578,-7.9063639640808105,1.6851372718811035,-3.222381830215454,0.0021005559246987104,0.18008318543434143,-0.022106686607003212,0.05241198092699051,-0.011571347713470459,1.3825397491455078
164,16.4016,0.1719595044851303,-0.0024025514721870422,-0.008556008338928223,0.0012869834899902344,-7.863873456165576,1.79696600372939,-3.1804367482662204,0.06673301386632334,0.3374167728577068,-0.017112016677856445,1.3907976150512695,-7.9063639640808105,1.6851372718811035,-3.222381830215454,0.0021005559246987104,0.18008318543434143,-0.022106686607003212,0.03342538699507713,-0.007273836061358452,1.3895106315612793
165,16.503,0.1857864260673523,-0.0026501938700675964,-0.009302854537963867,0.0011806488037109375,-7.85751748504327,1.833579476886543,-3.1822973191738133,0.06355971122306092,0.3661347315715295,-0.018605709075927734,1.4143571853637695,-7.8978776931762695,1.7271491289138794,-3.2389838695526123,0.0409100279211998,0.18116037547588348,-0.012915820814669132,-0.01138575654476881,-0.010287338867783546,1.4131765365600586
166,16.6009,0.19993165135383606,-0.0029057636857032776,-0.01005399227142334,0.0010833740234375,-7.850666964180276,1.8729789021479912,-3.184308117628098,0.0685052086299353,0.393994252614483,-0.02010798454284668,1.414259910583496,-7.8978776931762695,1.7271491289138794,-3.2389838695526123,0.0409100279211998,0.18116037547588348,-0.012915820814669132,-0.01138575654476881,-0.010287338867783546,1.4131765365600586
167,16.7032,0.21432575583457947,-0.003168046474456787,-0.010812520980834961,0.0009927749633789062,-7.8443528445993955,1.9153811961805016,-3.186470621824265,0.0631411958088104,0.42402294032510296,-0.021625041961669922,1.4387458562850952,-7.880587100982666,1.769162654876709,-3.254159450531006,0.09595965594053268,0.21213211119174957,-0.017348207533359528,-0.006931774318218231,-0.03505967557430267,1.4377530813217163
168,16.8016,0.2288741171360016,-0.003435090184211731,-0.01158285140991211,0.0009107589721679688,-7.83791370698313,1.9607060675022507,-3.1887871921062474,0.06439137616264953,0.4532487132174911,-0.02316570281982422,1.4455926418304443,-7.880587100982666,1.769162654876709,-3.254159450531006,0.09595965594053268,0.21213211119174957,-0.017348207533359528,0.002562349895015359,-0.043829545378685,1.4446818828582764
169,16.9033,0.24352046847343445,-0.003705814480781555,-0.012352228164672852,0.0008349418640136719,-7.831052409721305,2.0089301347814046,-3.191257637739182,0.06861297261825895,0.48224067279153654,-0.024704456329345703,1.44551682472229,-7.86726188659668,1.7924813032150269,-3.263681411743164,0.12008102238178253,0.2362561672925949,-0.006925561465322971,0.002562349895015359,-0.043829545378685,1.4446818828582764
170,17.002,0.2582019865512848,-0.003978841006755829,-0.013121962547302246,0.000766754150390625,-7.82455795264538,2.0601667028620287,-3.1938820302486426,0.06494457075924391,0.5123656808062432,-0.026243925094604492,1.4608896970748901,-7.83696174621582,1.8520411252975464,-3.283454418182373,0.12822280824184418,0.31982532143592834,-0.004519346635788679,0.04456286504864693,-0.07336103171110153,1.4601229429244995
171,17.1031,0.2728644907474518,-0.0042530447244644165,-0.013897418975830078,0.0007023811340332031,-7.817685102694265,2.114311773566214,-3.1966615140438086,0.06872849951114825,0.5414507070418545,-0.027794837951660156,1.4608253240585327,-7.83696174621582,1.8520411252975464,-3.283454418182373,0.12822280824184418,0.31982532143592834,-0.004519346635788679,0.04456286504864693,-0.07336103171110153,1.4601229429244995
172,17.2018,0.28752145171165466,-0.0045278072357177734,-0.014687180519104004,0.0006456375122070312,-7.810463498170289,2.171367990382692,-3.1995989501476294,0.07221604523975018,0.5705621681647803,-0.029374361038208008,1.4612878561019897,-7.81162691116333,1.9369734525680542,-3.293637275695801,0.07637252658605576,0.458231657743454,0.01159688550978899,0.053788766264915466,-0.07763610035181046,1.4606422185897827
173,17.3029,0.3022398352622986,-0.004804544150829315,-0.015478372573852539,0.0005927085876464844,-7.802512589895741,2.2312984761488264,-3.2026946246623997,0.07950908274548205,0.5993048576613464,-0.030956745147705078,1.4553855657577515,-7.802035331726074,1.989970088005066,-3.297045946121216,0.06863914430141449,0.5269272923469543,0.016489574685692787,0.05462823063135147,-0.06807161122560501,1.454792857170105
174,17.4022,0.31702321767807007,-0.0050826966762542725,-0.016266942024230957,0.0005440711975097656,-7.793425313032943,2.2940567710055007,-3.2059480130672457,0.09087276862798131,0.6275829485667409,-0.032533884048461914,1.443572998046875,-7.794989109039307,2.0485923290252686,-3.300731658935547,0.04469406604766846,0.573276162147522,0.04231523349881172,0.05060999467968941,-0.04608455300331116,1.4430289268493652
175,17.5012,0.33179473876953125,-0.005361542105674744,-0.017052412033081055,0.0004978179931640625,-7.783906284045348,2.3597381829839974,-3.209358495473862,0.09519028987594806,0.6568141197849683,-0.03410482406616211,1.4435267448425293,-7.794989109039307,2.0485923290252686,-3.300731658935547,0.04469406604766846,0.573276162147522,0.04231523349881172,0.05060999467968941,-0.04608455300331116,1.4430289268493652
176,17.6031,0.3464544117450714,-0.005638182163238525,-0.017824769020080566,0.00045680999755859375,-7.772960873117445,2.428168409640414,-3.212923449277878,0.10945410927902958,0.6843022665641636,-0.03564953804016113,1.4289191961288452,-7.792213439941406,2.1093547344207764,-3.3012681007385254,0.014889424666762352,0.604679524898529,0.059757549315690994,0.04506716504693031,-0.021467937156558037,1.4284623861312866
177,17.7023,0.3608912527561188,-0.005911514163017273,-0.018580198287963867,0.0004181861877441406,-7.760289724939434,2.499235558847865,-3.2166394889354706,0.12671148178011027,0.7106714920745099,-0.037160396575927734,1.411149263381958,-7.794956684112549,2.2354531288146973,-3.300042152404785,-0.022286413237452507,0.620024561882019,0.06718320399522781,0.036430228501558304,0.0015144944190979004,1.4107310771942139
178,17.8014,0.3750082552433014,-0.006179362535476685,-0.019319653511047363,0.0003833770751953125,-7.74644573594849,2.572958818472609,-3.22050341963768,0.1384398899094371,0.7372325962474413,-0.03863930702209473,1.4020346403121948,-7.801027297973633,2.2993788719177246,-3.2999446392059326,-0.04933285713195801,0.6032539010047913,0.07269556820392609,0.0317804291844368,0.00916064903140068,1.4016512632369995
179,17.9027,0.38876092433929443,-0.006440714001655579,-0.020044922828674316,0.00035190582275390625,-7.732087198641998,2.6493845600131256,-3.224512404203415,0.14358537306492433,0.764257415405164,-0.04008984565734863,1.4020031690597534,-7.801027297973633,2.2993788719177246,-3.2999446392059326,-0.04933285713195801,0.6032539010047913,0.07269556820392609,0.0317804291844368,0.00916064903140068,1.4016512632369995
180,18.0017,0.40214836597442627,-0.00669531524181366,-0.020750880241394043,0.00032329559326171875,-7.713866568039004,2.7277346336602686,-3.2286625802516937,0.18220630602994442,0.7835007364714315,-0.041501760482788086,1.35927414894104,-7.812469959259033,2.424332857131958,-3.296081066131592,-0.040678851306438446,0.5689148902893066,0.11076213419437408,-0.0030122946482151747,-0.011693485081195831,1.3589508533477783
181,18.1011,0.4151608347892761,-0.006942883133888245,-0.021437883377075195,0.00029659271240234375,-7.695050318774348,2.8086186101845216,-3.232950156927109,0.18816249264655044,0.8088397652425321,-0.04287576675415039,1.3592474460601807,-7.812469959259033,2.424332857131958,-3.296081066131592,-0.040678851306438446,0.5689148902893066,0.11076213419437408,-0.0030122946482151747,-0.011693485081195831,1.3589508533477783
182,18.203,0.42777132987976074,-0.007183045148849487,-0.02210545539855957,0.0002727508544921875,-7.6733864669741525,2.8913970723432714,-3.237371248006821,0.216638518001958,0.8277846215874956,-0.04421091079711914,1.3318912982940674,-7.814900875091553,2.481748580932617,-3.295210361480713,-0.015810368582606316,0.5667376518249512,0.10972661525011063,-0.021636152639985085,-0.043993063271045685,1.3316185474395752
183,18.3015,0.4399417042732239,-0.007415205240249634,-0.022746562957763672,0.0002498626708984375,-7.649813639695768,2.9761819138611205,-3.2419205605983734,0.2357282727838453,0.8478484151784917,-0.045493125915527344,1.316717505455017,-7.804498672485352,2.600245475769043,-3.2951302528381348,0.10970310866832733,0.6045600175857544,0.08895663917064667,-0.02915230020880699,-0.05636315047740936,1.3164676427841187
184,18.4017,0.4515972137451172,-0.007637828588485718,-0.023354053497314453,0.00022840499877929688,-7.624192120720231,3.0628045030679907,-3.2465913712978365,0.25621518975537033,0.8662258920687029,-0.046708106994628906,1.3003522157669067,-7.804498672485352,2.600245475769043,-3.2951302528381348,0.10970310866832733,0.6045600175857544,0.08895663917064667,-0.036435410380363464,-0.06411165744066238,1.3001238107681274
185,18.502,0.4626442790031433,-0.00784929096698761,-0.023933768272399902,0.00020933151245117188,-7.5979390972649465,3.1515447553212788,-3.2513781249523164,0.2625302345528442,0.8874025225328805,-0.047867536544799805,1.3003331422805786,-7.804498672485352,2.600245475769043,-3.2951302528381348,0.10970310866832733,0.6045600175857544,0.08895663917064667,-0.036435410380363464,-0.06411165744066238,1.3001238107681274
186,18.6045,0.47303536534309387,-0.008048370480537415,-0.024478793144226074,0.0001926422119140625,-7.565772774530633,3.2405302429417815,-3.2562738835811618,0.321663227343131,0.8898548762050283,-0.04895758628845215,1.241137981414795,-7.766820430755615,2.728222131729126,-3.2971625328063965,0.28095123171806335,0.6598697304725647,0.062433287501335144,-0.03345119580626488,-0.07291658222675323,1.2409453392028809
187,18.7019,0.4827445149421692,-0.00823509693145752,-0.02498483657836914,0.00017690658569335938,-7.530445796770338,3.3303990806078625,-3.2612708508968358,0.3532697776029531,0.8986883766608106,-0.04996967315673828,1.2134909629821777,-7.701309680938721,2.870751142501831,-3.2999868392944336,0.40517446398735046,0.7456727027893066,0.027162401005625725,-0.02338424138724804,-0.08262800425291061,1.2133140563964844
188,18.8028,0.4917386770248413,-0.008408397436141968,-0.025455117225646973,0.00016260147094726562,-7.493315668171983,3.421483978672542,-3.2663618743419653,0.37130128598355155,0.9108489806467931,-0.050910234451293945,1.2009787559509277,-7.660552024841309,2.949094772338867,-3.3022401332855225,0.4605333209037781,0.7797496914863586,0.02469670958817005,-0.015799488872289658,-0.0836847797036171,1.2008161544799805
189,18.9016,0.4999978244304657,-0.008567765355110168,-0.025887727737426758,0.00014925003051757812,-7.453501798963086,3.5132320307507854,-3.2715394198894505,0.39813869208896613,0.9174805207824325,-0.051775455474853516,1.178654432296753,-7.611464023590088,3.0341970920562744,-3.30493426322937,0.5243285298347473,0.837287962436676,0.0033525994513183832,0.010393209755420685,-0.07411018759012222,1.1785051822662354
190,19.001,0.5075063705444336,-0.008713796734809875,-0.02627873420715332,0.0001373291015625,-7.412294281228589,3.604363681083162,-3.276795166730881,0.4120751773449692,0.9113165033237655,-0.05255746841430664,1.1636977195739746,-7.557172775268555,3.1249382495880127,-3.3069989681243896,0.5118919014930725,0.8826696872711182,-0.011708983220160007,0.04358981177210808,-0.055307887494564056,1.163560390472412
191,19.101,0.5142331719398499,-0.008845388889312744,-0.026628732681274414,0.000125885009765625,-7.3710625974081685,3.695484907400179,-3.282120913267136,0.41231683820420206,0.9112122631701697,-0.05325746536254883,1.1636862754821777,-7.557172775268555,3.1249382495880127,-3.3069989681243896,0.5118919014930725,0.8826696872711182,-0.011708983220160007,0.04358981177210808,-0.055307887494564056,1.163560390472412
192,19.2015,0.5201480388641357,-0.008962109684944153,-0.026938319206237793,0.00011539459228515625,-7.329402947497948,3.7864117260278976,-3.2875085771083836,0.4165964991022046,0.9092681862771879,-0.053876638412475586,1.1592093706130981,-7.557172775268555,3.1249382495880127,-3.3069989681243896,0.5118919014930725,0.8826696872711182,-0.011708983220160007,0.05831725895404816,-0.04351548105478287,1.159093976020813
193,19.3013,0.5252377390861511,-0.009063422679901123,-0.027205348014831543,0.00010585784912109375,-7.286789313380107,3.8768957799407158,-3.29294964671135,0.4261363411784068,0.9048405391281819,-0.054410696029663086,1.148886799812317,-7.4013800621032715,3.4231042861938477,-3.3239519596099854,0.46327272057533264,0.9719776511192322,-0.031380534172058105,0.06837866455316544,-0.0215319637209177,1.1487809419631958
194,19.4018,0.5294944643974304,-0.009149298071861267,-0.027428507804870605,9.822845458984375e-05,-7.244160011034358,3.967372798944013,-3.298435348272324,0.42629302345749504,0.9047701900329712,-0.05485701560974121,1.1488791704177856,-7.4013800621032715,3.4231042861938477,-3.3239519596099854,0.46327272057533264,0.9719776511192322,-0.031380534172058105,0.06837866455316544,-0.0215319637209177,1.1487809419631958
195,19.5013,0.5329052209854126,-0.009219914674758911,-0.02760779857635498,8.96453857421875e-05,-7.200842113897436,4.057522452635524,-3.303956907987595,0.4331789713692255,0.9014965369151116,-0.05521559715270996,1.1413885354995728,-7.317241668701172,3.6261370182037354,-3.343827724456787,0.3960413634777069,0.9907412528991699,-0.051275450736284256,0.053610607981681824,-0.01846207119524479,1.1412988901138306
196,19.6014,0.5354605913162231,-0.009274572134017944,-0.027744293212890625,8.296966552734375e-05,-7.157364483224806,4.147595402729463,-3.309505766630173,0.4347763067263012,0.9007295009393851,-0.05548858642578125,1.1397194862365723,-7.317241668701172,3.6261370182037354,-3.343827724456787,0.3960413634777069,0.9907412528991699,-0.051275450736284256,0.048283811658620834,-0.0200605858117342,1.139636516571045
197,19.7025,0.5371633768081665,-0.009314015507698059,-0.027837157249450684,7.62939453125e-05,-7.113879685835956,4.237665055950988,-3.315073198080063,0.434847973888502,0.9006965322152491,-0.05567431449890137,1.1397128105163574,-7.317241668701172,3.6261370182037354,-3.343827724456787,0.3960413634777069,0.9907412528991699,-0.051275450736284256,0.048283811658620834,-0.0200605858117342,1.139636516571045
198,19.8017,0.5380212068557739,-0.00933767855167389,-0.027886509895324707,7.009506225585938e-05,-7.070160499868708,4.327621270122053,-3.320650500059128,0.4371918596724795,0.8995621417106529,-0.055773019790649414,1.1371504068374634,-7.210051536560059,3.9212820529937744,-3.3734827041625977,0.3769155442714691,0.9879339933395386,-0.035091616213321686,0.03673868253827095,-0.024134816601872444,1.1370803117752075
199,19.9025,0.538040280342102,-0.009346157312393188,-0.027892112731933594,6.437301635742188e-05,-7.026443346128777,4.417578507157989,-3.3262289226055146,0.43717153739930614,0.8995723703593609,-0.05578422546386719,1.1371843814849854,-7.210051536560059,3.9212820529937744,-3.3734827041625977,0.3769155442714691,0.9879339933395386,-0.035091616213321686,0.03434210270643234,-0.022232813760638237,1.137120008468628
200,20.0017,0.5372207164764404,-0.009339213371276855,-0.02785348892211914,5.91278076171875e-05,-6.982852223203144,4.507596854389751,-3.3317996203899383,0.43591122925632475,0.9001834723176252,-0.05570697784423828,1.1385656595230103,-7.179504871368408,4.013779163360596,-3.381316661834717,0.3571632504463196,0.972605288028717,-0.03260619193315506,0.030940363183617592,-0.019277846440672874,1.138506531715393
201,20.1012,0.5355604290962219,-0.009317338466644287,-0.027771949768066406,5.435943603515625e-05,-6.939448474113483,4.597705605778314,-3.3373540103435517,0.43403749089660965,0.9010875138856289,-0.05554389953613281,1.1405972242355347,-7.148195743560791,4.108125686645508,-3.38822078704834,0.3590801954269409,0.9712322950363159,-0.02528969570994377,0.029886068776249886,-0.02125711925327778,1.1405428647994995
202,20.2033,0.5330647230148315,-0.009280115365982056,-0.02764713764190674,5.0067901611328125e-05,-6.89696914095488,4.688253665260826,-3.342883437871933,0.42479333158603244,0.9054805948251254,-0.05529427528381348,1.1507517099380493,-7.089371204376221,4.297018527984619,-3.393554925918579,0.33889132738113403,0.9664456248283386,0.004348920192569494,0.03018980100750923,-0.05352660268545151,1.150701642036438
203,20.3013,0.529737651348114,-0.009220197796821594,-0.027530431747436523,6.532669067382812e-05,-6.854944164268875,4.7790132477655805,-3.34838952422142,0.4202497668600521,0.9075958250475383,-0.05506086349487305,1.1556581258773804,-7.056948661804199,4.395042419433594,-3.392913341522217,0.34095245599746704,0.9910144209861755,0.016548853367567062,0.029362762346863747,-0.0654190182685852,1.1555927991867065
204,20.4009,0.5255650281906128,-0.009106934070587158,-0.02741706371307373,8.916854858398438e-05,-6.812939915620428,4.869781967848031,-3.3538729369640348,0.42004248648445786,0.907687200824501,-0.05483412742614746,1.1556819677352905,-7.056948661804199,4.395042419433594,-3.392913341522217,0.34095245599746704,0.9910144209861755,0.016548853367567062,0.029362762346863747,-0.0654190182685852,1.1555927991867065
205,20.7344,0.5206207633018494,-0.008992746472358704,-0.02717423439025879,0.00014495849609375,-6.773385200428471,4.961644143337444,-3.3593077838420866,0.3955471519195737,0.9186217548941338,-0.05434846878051758,1.1823309659957886,-6.915149688720703,4.813305377960205,-3.392800807952881,0.36543527245521545,1.1480472087860107,0.006416040472686291,0.0171580221503973,-0.06495539844036102,1.1821860074996948
206,20.7347,0.514945387840271,-0.0089491605758667,-0.026924848556518555,0.00012159347534179688,-6.733838552432475,5.0535096217898055,-3.36469275355339,0.39546647995995743,0.9186547845236158,-0.05384969711303711,1.1823076009750366,-6.915149688720703,4.813305377960205,-3.392800807952881,0.36543527245521545,1.1480472087860107,0.006416040472686291,0.0171580221503973,-0.06495539844036102,1.1821860074996948
207,20.735,0.5084987282752991,-0.008914902806282043,-0.02658390998840332,1.7642974853515625e-05,-6.694298245114605,5.145377696314584,-3.3700095355510706,0.39540307317870693,0.9186807452477797,-0.05316781997680664,1.1822036504745483,-6.915149688720703,4.813305377960205,-3.392800807952881,0.36543527245521545,1.1480472087860107,0.006416040472686291,0.0171580221503973,-0.06495539844036102,1.1821860074996948
208,20.801,0.5013685822486877,-0.008809372782707214,-0.026181936264038086,-9.393692016601562e-05,-6.654777470064016,5.23725376796196,-3.3752459228038783,0.39520775050588564,0.9187607164737598,-0.05236387252807617,1.1820920705795288,-6.915149688720703,4.813305377960205,-3.392800807952881,0.36543527245521545,1.1480472087860107,0.006416040472686291,0.0171580221503973,-0.06495539844036102,1.1821860074996948
209,20.9025,0.4935694634914398,-0.008689910173416138,-0.025605440139770508,-0.00018024444580078125,-6.615711739865329,5.327925273503919,-3.3803670108318324,0.39065730198686816,0.9067150554195845,-0.051210880279541016,1.1814061403274536,-6.877532482147217,4.922969341278076,-3.3938467502593994,0.38557615876197815,1.1726162433624268,-3.436665065237321e-05,0.012121936306357384,-0.05655676871538162,1.1815863847732544
210,21.0018,0.48496049642562866,-0.008599638938903809,-0.025115489959716797,-0.00020837783813476562,-6.576519058586197,5.41666285973142,-3.385390108823776,0.39192681279132996,0.8873758622750095,-0.050230979919433594,1.1724140644073486,-6.803177833557129,5.146777629852295,-3.394549608230591,0.418952614068985,1.1468565464019775,0.013838561251759529,0.0014338453765958548,-0.018759621307253838,1.1726224422454834
211,21.101,0.4756242036819458,-0.008420079946517944,-0.024592876434326172,-0.00010347366333007812,-6.538083482603334,5.503693186249486,-3.390308684110641,0.3843557598286308,0.8703032651806606,-0.049185752868652344,1.1725189685821533,-6.803177833557129,5.146777629852295,-3.394549608230591,0.418952614068985,1.1468565464019775,0.013838561251759529,0.0014338453765958548,-0.018759621307253838,1.1726224422454834
212,21.2032,0.4656355679035187,-0.008162662386894226,-0.024030208587646484,6.103515625e-05,-6.499701020216569,5.588558438427817,-3.3951147258281704,0.3838246238676509,0.8486525217833006,-0.04806041717529297,1.1636412143707275,-6.73137903213501,5.365314483642578,-3.40263032913208,0.419155091047287,1.0858972072601318,0.012834922410547733,-0.0007587875588797033,0.002284145914018154,1.1635801792144775
213,21.3012,0.4548998773097992,-0.007934391498565674,-0.02341771125793457,0.0001468658447265625,-6.461228664099019,5.671019046796669,-3.399798268079757,0.38472356117550455,0.8246060836885265,-0.04683542251586914,1.151848554611206,-6.696252822875977,5.469414710998535,-3.4075608253479004,0.42040127515792847,1.0343616008758545,0.01315669808536768,-0.006838737055659294,0.02215111255645752,1.1517016887664795
214,21.4031,0.443561315536499,-0.0077451616525650024,-0.022871971130371094,0.00022220611572265625,-6.4225924459938515,5.7508908677181285,-3.4043726623058315,0.3863621810516743,0.7987182092145948,-0.04574394226074219,1.1379327774047852,-6.660994052886963,5.56942892074585,-3.4119982719421387,0.43101587891578674,0.9675537943840027,0.012034180574119091,-0.011032710783183575,0.03816431015729904,1.1377105712890625
215,21.501,0.43177318572998047,-0.0075383782386779785,-0.022292137145996094,0.0001811981201171875,-6.384983199832876,5.828640086657476,-3.4088310897350307,0.3760924616097589,0.7774921893934719,-0.04458427429199219,1.1378917694091797,-6.660994052886963,5.56942892074585,-3.4119982719421387,0.43101587891578674,0.9675537943840027,0.012034180574119091,-0.011032710783183575,0.03816431015729904,1.1377105712890625
216,21.6026,0.41948094964027405,-0.007295534014701843,-0.02167654037475586,8.20159912109375e-05,-6.347207684355247,5.903564782903147,-3.4131663978099818,0.3777551547762881,0.7492469624567095,-0.04335308074951172,1.1212825775146484,-6.629995346069336,5.6633830070495605,-3.416116237640381,0.4014364182949066,0.9036405086517334,0.0224634800106287,-0.01338154822587967,0.02715667337179184,1.1212005615234375
